date,visitors
20/03/03,9800
21/03/03,1217
22/03/03,1610
23/03/03,1937
24/03/03,0
25/03/03,1207
26/03/03,1255
27/03/03,1707
28/03/03,1972
29/03/03,2170
30/03/03,2021
31/03/03,0
1/04/03,4581
2/04/03,1033
3/04/03,1676
4/04/03,1272
5/04/03,2209
6/04/03,2049
7/04/03,0
8/04/03,886
9/04/03,1026
10/04/03,1554
11/04/03,1044
12/04/03,2322
13/04/03,2341
14/04/03,67
15/04/03,1451
16/04/03,1506
17/04/03,2217
18/04/03,1930
19/04/03,1880
20/04/03,1443
21/04/03,0
22/04/03,1257
23/04/03,1206
24/04/03,1623
25/04/03,1494
26/04/03,2019
27/04/03,1696
28/04/03,0
29/04/03,1006
30/04/03,832
1/05/03,1245
2/05/03,1085
3/05/03,1966
4/05/03,1640
5/05/03,0
6/05/03,5078
7/05/03,783
8/05/03,1221
9/05/03,933
10/05/03,1575
11/05/03,2161
12/05/03,0
13/05/03,739
14/05/03,875
15/05/03,1201
16/05/03,1029
17/05/03,1550
18/05/03,1244
19/05/03,0
20/05/03,963
21/05/03,1125
22/05/03,1738
23/05/03,1083
24/05/03,1980
25/05/03,2319
26/05/03,0
27/05/03,717
28/05/03,679
29/05/03,1354
30/05/03,871
31/05/03,1525
1/06/03,1387
2/06/03,0
3/06/03,4593
4/06/03,677
5/06/03,1436
6/06/03,850
7/06/03,1647
8/06/03,1364
9/06/03,0
10/06/03,861
11/06/03,961
12/06/03,1128
13/06/03,1070
14/06/03,1331
15/06/03,1366
16/06/03,0
17/06/03,990
18/06/03,974
19/06/03,1695
20/06/03,1182
21/06/03,1723
22/06/03,1782
23/06/03,0
24/06/03,941
25/06/03,1002
26/06/03,1431
27/06/03,1053
28/06/03,1302
29/06/03,709
30/06/03,0
1/07/03,5787
2/07/03,996
3/07/03,1349
4/07/03,724
5/07/03,1955
6/07/03,1564
7/07/03,0
8/07/03,841
9/07/03,944
10/07/03,1560
11/07/03,982
12/07/03,1435
13/07/03,1389
14/07/03,0
15/07/03,996
16/07/03,962
17/07/03,1630
18/07/03,1089
19/07/03,1595
20/07/03,1264
21/07/03,0
22/07/03,992
23/07/03,884
24/07/03,1717
25/07/03,1055
26/07/03,1266
27/07/03,1239
28/07/03,0
29/07/03,1008
30/07/03,996
31/07/03,1438
1/08/03,887
2/08/03,1190
3/08/03,1219
4/08/03,0
5/08/03,7435
6/08/03,1216
7/08/03,1547
8/08/03,1122
9/08/03,1334
10/08/03,1298
11/08/03,0
12/08/03,984
13/08/03,965
14/08/03,1517
15/08/03,950
16/08/03,1185
17/08/03,1216
18/08/03,0
19/08/03,1032
20/08/03,923
21/08/03,1305
22/08/03,871
23/08/03,1102
24/08/03,1062
25/08/03,0
26/08/03,785
27/08/03,731
28/08/03,924
29/08/03,800
30/08/03,1195
31/08/03,1640
1/09/03,0
2/09/03,2376
3/09/03,525
4/09/03,670
5/09/03,631
6/09/03,828
7/09/03,620
8/09/03,0
9/09/03,498
10/09/03,621
11/09/03,597
12/09/03,529
13/09/03,1096
14/09/03,642
15/09/03,0
16/09/03,666
17/09/03,620
18/09/03,967
19/09/03,537
20/09/03,886
21/09/03,664
22/09/03,0
23/09/03,452
24/09/03,511
25/09/03,702
26/09/03,588
27/09/03,919
28/09/03,606
29/09/03,0
30/09/03,494
1/10/03,520
2/10/03,669
3/10/03,444
4/10/03,712
5/10/03,594
6/10/03,0
7/10/03,2136
8/10/03,459
9/10/03,753
10/10/03,404
11/10/03,665
12/10/03,704
13/10/03,0
14/10/03,451
15/10/03,471
16/10/03,927
17/10/03,592
18/10/03,1159
19/10/03,1171
20/10/03,0
21/10/03,560
22/10/03,639
23/10/03,856
24/10/03,575
25/10/03,846
26/10/03,895
27/10/03,0
28/10/03,480
29/10/03,605
30/10/03,959
31/10/03,496
1/11/03,1162
2/11/03,1057
3/11/03,0
4/11/03,2399
5/11/03,611
6/11/03,782
7/11/03,667
8/11/03,1350
9/11/03,1275
10/11/03,0
11/11/03,838
12/11/03,610
13/11/03,780
14/11/03,708
15/11/03,1354
16/11/03,1061
17/11/03,0
18/11/03,509
19/11/03,668
20/11/03,1084
21/11/03,568
22/11/03,918
23/11/03,872
24/11/03,0
25/11/03,635
26/11/03,663
27/11/03,0
28/11/03,1846
29/11/03,1831
30/11/03,1192
1/12/03,0
2/12/03,1927
3/12/03,398
4/12/03,685
5/12/03,489
6/12/03,1111
7/12/03,834
8/12/03,0
9/12/03,380
10/12/03,376
11/12/03,977
12/12/03,428
13/12/03,715
14/12/03,592
15/12/03,0
16/12/03,528
17/12/03,421
18/12/03,517
19/12/03,345
20/12/03,745
21/12/03,2
22/12/03,0
23/12/03,926
24/12/03,553
25/12/03,0
26/12/03,1506
27/12/03,1591
28/12/03,1684
29/12/03,0
30/12/03,1766
31/12/03,1745
1/01/04,0
2/01/04,1943
3/01/04,1570
4/01/04,1266
5/01/04,0
6/01/04,2491
7/01/04,737
8/01/04,1284
9/01/04,961
10/01/04,1925
11/01/04,1544
12/01/04,0
13/01/04,446
14/01/04,530
15/01/04,621
16/01/04,537
17/01/04,971
18/01/04,1032
19/01/04,0
20/01/04,345
21/01/04,430
22/01/04,601
23/01/04,538
24/01/04,991
25/01/04,743
26/01/04,0
27/01/04,401
28/01/04,319
29/01/04,685
30/01/04,466
31/01/04,741
1/02/04,713
2/02/04,0
3/02/04,2346
4/02/04,346
5/02/04,524
6/02/04,625
7/02/04,1123
8/02/04,950
9/02/04,0
10/02/04,460
11/02/04,457
12/02/04,696
13/02/04,619
14/02/04,1320
15/02/04,1571
16/02/04,0
17/02/04,611
18/02/04,568
19/02/04,1109
20/02/04,708
21/02/04,1098
22/02/04,1138
23/02/04,0
24/02/04,539
25/02/04,456
26/02/04,672
27/02/04,694
28/02/04,951
29/02/04,873
1/03/04,0
2/03/04,2150
3/03/04,388
4/03/04,643
5/03/04,539
6/03/04,746
7/03/04,682
8/03/04,0
9/03/04,448
10/03/04,404
11/03/04,639
12/03/04,554
13/03/04,877
14/03/04,632
15/03/04,0
16/03/04,477
17/03/04,371
18/03/04,758
19/03/04,583
20/03/04,5165
21/03/04,849
22/03/04,0
23/03/04,580
24/03/04,599
25/03/04,768
26/03/04,773
27/03/04,1021
28/03/04,716
29/03/04,0
30/03/04,468
31/03/04,564
1/04/04,618
2/04/04,500
3/04/04,814
4/04/04,886
5/04/04,0
6/04/04,2812
7/04/04,587
8/04/04,910
9/04/04,614
10/04/04,822
11/04/04,474
12/04/04,0
13/04/04,564
14/04/04,704
15/04/04,1097
16/04/04,853
17/04/04,957
18/04/04,938
19/04/04,0
20/04/04,515
21/04/04,448
22/04/04,678
23/04/04,543
24/04/04,758
25/04/04,975
26/04/04,0
27/04/04,402
28/04/04,555
29/04/04,647
30/04/04,677
1/05/04,956
2/05/04,746
3/05/04,0
4/05/04,2450
5/05/04,542
6/05/04,904
7/05/04,701
8/05/04,1072
9/05/04,6454
10/05/04,0
11/05/04,410
12/05/04,399
13/05/04,724
14/05/04,497
15/05/04,689
16/05/04,635
17/05/04,0
18/05/04,540
19/05/04,456
20/05/04,758
21/05/04,559
22/05/04,790
23/05/04,752
24/05/04,0
25/05/04,415
26/05/04,383
27/05/04,585
28/05/04,509
29/05/04,688
30/05/04,730
31/05/04,0
1/06/04,1956
2/06/04,344
3/06/04,580
4/06/04,371
5/06/04,517
6/06/04,472
7/06/04,0
8/06/04,368
9/06/04,408
10/06/04,690
11/06/04,381
12/06/04,677
13/06/04,558
14/06/04,0
15/06/04,521
16/06/04,521
17/06/04,1053
18/06/04,617
19/06/04,695
20/06/04,737
21/06/04,0
22/06/04,609
23/06/04,574
24/06/04,1220
25/06/04,1056
26/06/04,1361
27/06/04,993
28/06/04,0
29/06/04,1174
30/06/04,1101
1/07/04,1633
2/07/04,1143
3/07/04,1741
4/07/04,977
5/07/04,0
6/07/04,7022
7/07/04,1137
8/07/04,2121
9/07/04,1156
10/07/04,1881
11/07/04,1656
12/07/04,0
13/07/04,1267
14/07/04,1289
15/07/04,2070
16/07/04,1450
17/07/04,1768
18/07/04,1766
19/07/04,0
20/07/04,1485
21/07/04,1313
22/07/04,1949
23/07/04,1381
24/07/04,2067
25/07/04,1869
26/07/04,0
27/07/04,1370
28/07/04,1419
29/07/04,2137
30/07/04,1501
31/07/04,1982
1/08/04,1934
2/08/04,0
3/08/04,8023
4/08/04,1571
5/08/04,2246
6/08/04,1442
7/08/04,1872
8/08/04,1977
9/08/04,0
10/08/04,1592
11/08/04,1482
12/08/04,2261
13/08/04,1427
14/08/04,2191
15/08/04,2173
16/08/04,0
17/08/04,1395
18/08/04,1333
19/08/04,2344
20/08/04,1385
21/08/04,1908
22/08/04,2141
23/08/04,0
24/08/04,1422
25/08/04,1161
26/08/04,1973
27/08/04,1126
28/08/04,1778
29/08/04,1727
30/08/04,0
31/08/04,1101
1/09/04,904
2/09/04,1358
3/09/04,1133
4/09/04,1843
5/09/04,2345
6/09/04,0
7/09/04,4255
8/09/04,1005
9/09/04,1486
10/09/04,1069
11/09/04,2095
12/09/04,1665
13/09/04,0
14/09/04,1003
15/09/04,936
16/09/04,2189
17/09/04,1254
18/09/04,2333
19/09/04,2389
20/09/04,0
21/09/04,1407
22/09/04,1542
23/09/04,3168
24/09/04,1692
25/09/04,3530
26/09/04,3083
27/09/04,0
28/09/04,467
29/09/04,424
30/09/04,648
1/10/04,507
2/10/04,588
3/10/04,694
4/10/04,0
5/10/04,2450
6/10/04,438
7/10/04,565
8/10/04,455
9/10/04,791
10/10/04,640
11/10/04,0
12/10/04,425
13/10/04,398
14/10/04,643
15/10/04,453
16/10/04,671
17/10/04,761
18/10/04,0
19/10/04,445
20/10/04,399
21/10/04,773
22/10/04,499
23/10/04,1000
24/10/04,753
25/10/04,0
26/10/04,406
27/10/04,451
28/10/04,574
29/10/04,396
30/10/04,590
31/10/04,578
1/11/04,0
2/11/04,1611
3/11/04,342
4/11/04,568
5/11/04,465
6/11/04,752
7/11/04,653
8/11/04,0
9/11/04,417
10/11/04,415
11/11/04,809
12/11/04,550
13/11/04,797
14/11/04,1121
15/11/04,0
16/11/04,355
17/11/04,355
18/11/04,446
19/11/04,507
20/11/04,712
21/11/04,624
22/11/04,0
23/11/04,521
24/11/04,571
25/11/04,0
26/11/04,1116
27/11/04,1104
28/11/04,751
29/11/04,0
30/11/04,287
1/12/04,292
2/12/04,501
3/12/04,337
4/12/04,578
5/12/04,479
6/12/04,0
7/12/04,1522
8/12/04,348
9/12/04,648
10/12/04,305
11/12/04,456
12/12/04,439
13/12/04,0
14/12/04,376
15/12/04,370
16/12/04,527
17/12/04,305
18/12/04,381
19/12/04,444
20/12/04,0
21/12/04,499
22/12/04,543
23/12/04,658
24/12/04,460
25/12/04,0
26/12/04,928
27/12/04,0
28/12/04,1595
29/12/04,1429
30/12/04,1521
31/12/04,1729
1/01/05,0
2/01/05,1304
3/01/05,0
4/01/05,2421
5/01/05,540
6/01/05,800
7/01/05,589
8/01/05,1006
9/01/05,946
10/01/05,0
11/01/05,421
12/01/05,519
13/01/05,722
14/01/05,493
15/01/05,988
16/01/05,1001
17/01/05,0
18/01/05,355
19/01/05,304
20/01/05,709
21/01/05,383
22/01/05,796
23/01/05,535
24/01/05,0
25/01/05,348
26/01/05,367
27/01/05,508
28/01/05,455
29/01/05,730
30/01/05,684
31/01/05,0
1/02/05,1658
2/02/05,245
3/02/05,763
4/02/05,362
5/02/05,756
6/02/05,534
7/02/05,0
8/02/05,371
9/02/05,297
10/02/05,594
11/02/05,416
12/02/05,948
13/02/05,817
14/02/05,0
15/02/05,430
16/02/05,407
17/02/05,599
18/02/05,687
19/02/05,1364
20/02/05,1724
21/02/05,0
22/02/05,472
23/02/05,589
24/02/05,1012
25/02/05,703
26/02/05,1038
27/02/05,1332
28/02/05,0
1/03/05,2099
2/03/05,463
3/03/05,1932
4/03/05,710
5/03/05,1064
6/03/05,904
7/03/05,0
8/03/05,446
9/03/05,537
10/03/05,779
11/03/05,664
12/03/05,1245
13/03/05,1022
14/03/05,0
15/03/05,528
16/03/05,630
17/03/05,1023
18/03/05,1045
19/03/05,1536
20/03/05,1702
21/03/05,0
22/03/05,1172
23/03/05,1064
24/03/05,1183
25/03/05,948
26/03/05,1278
27/03/05,1025
28/03/05,0
29/03/05,1067
30/03/05,827
31/03/05,1310
1/04/05,861
2/04/05,935
3/04/05,1537
4/04/05,0
5/04/05,2382
6/04/05,458
7/04/05,862
8/04/05,712
9/04/05,978
10/04/05,859
11/04/05,0
12/04/05,493
13/04/05,664
14/04/05,848
15/04/05,787
16/04/05,1047
17/04/05,982
18/04/05,0
19/04/05,487
20/04/05,669
21/04/05,1116
22/04/05,797
23/04/05,1402
24/04/05,1479
25/04/05,0
26/04/05,589
27/04/05,647
28/04/05,971
29/04/05,763
30/04/05,1184
1/05/05,1329
2/05/05,0
3/05/05,2630
4/05/05,708
5/05/05,1543
6/05/05,1016
7/05/05,2118
8/05/05,3371
9/05/05,0
10/05/05,272
11/05/05,338
12/05/05,587
13/05/05,375
14/05/05,719
15/05/05,468
16/05/05,0
17/05/05,353
18/05/05,551
19/05/05,617
20/05/05,365
21/05/05,422
22/05/05,536
23/05/05,0
24/05/05,384
25/05/05,351
26/05/05,633
27/05/05,452
28/05/05,716
29/05/05,599
30/05/05,0
31/05/05,384
1/06/05,265
2/06/05,526
3/06/05,302
4/06/05,456
5/06/05,521
6/06/05,0
7/06/05,1631
8/06/05,406
9/06/05,554
10/06/05,383
11/06/05,828
12/06/05,769
13/06/05,0
14/06/05,645
15/06/05,664
16/06/05,1068
17/06/05,715
18/06/05,1044
19/06/05,1216
20/06/05,0
21/06/05,709
22/06/05,701
23/06/05,1004
24/06/05,803
25/06/05,1042
26/06/05,754
27/06/05,0
28/06/05,852
29/06/05,731
30/06/05,939
1/07/05,776
2/07/05,1298
3/07/05,1394
4/07/05,0
5/07/05,4733
6/07/05,827
7/07/05,1317
8/07/05,1078
9/07/05,1572
10/07/05,1395
11/07/05,0
12/07/05,738
13/07/05,795
14/07/05,1193
15/07/05,1008
16/07/05,1248
17/07/05,1143
18/07/05,0
19/07/05,1023
20/07/05,953
21/07/05,1245
22/07/05,892
23/07/05,1199
24/07/05,1310
25/07/05,0
26/07/05,1077
27/07/05,984
28/07/05,1491
29/07/05,1004
30/07/05,1222
31/07/05,1326
1/08/05,0
2/08/05,5392
3/08/05,1060
4/08/05,1438
5/08/05,1011
6/08/05,1446
7/08/05,1492
8/08/05,0
9/08/05,1199
10/08/05,1138
11/08/05,1664
12/08/05,1064
13/08/05,1550
14/08/05,1442
15/08/05,0
16/08/05,1017
17/08/05,1000
18/08/05,1735
19/08/05,1109
20/08/05,1500
21/08/05,1487
22/08/05,0
23/08/05,966
24/08/05,885
25/08/05,1428
26/08/05,940
27/08/05,1325
28/08/05,1461
29/08/05,0
30/08/05,868
31/08/05,756
1/09/05,1204
2/09/05,833
3/09/05,1800
4/09/05,2255
5/09/05,0
6/09/05,2841
7/09/05,875
8/09/05,1902
9/09/05,1316
10/09/05,2151
11/09/05,2315
12/09/05,0
13/09/05,358
14/09/05,469
15/09/05,677
16/09/05,447
17/09/05,617
18/09/05,527
19/09/05,0
20/09/05,419
21/09/05,358
22/09/05,541
23/09/05,424
24/09/05,472
25/09/05,699
26/09/05,0
27/09/05,366
28/09/05,346
29/09/05,334
30/09/05,434
1/10/05,592
2/10/05,507
3/10/05,0
4/10/05,1859
5/10/05,435
6/10/05,557
7/10/05,443
8/10/05,444
9/10/05,611
10/10/05,0
11/10/05,398
12/10/05,357
13/10/05,482
14/10/05,455
15/10/05,463
16/10/05,513
17/10/05,0
18/10/05,350
19/10/05,385
20/10/05,793
21/10/05,362
22/10/05,556
23/10/05,541
24/10/05,0
25/10/05,284
26/10/05,431
27/10/05,582
28/10/05,339
29/10/05,526
30/10/05,525
31/10/05,0
1/11/05,1454
2/11/05,268
3/11/05,784
4/11/05,402
5/11/05,830
6/11/05,664
7/11/05,0
8/11/05,300
9/11/05,272
10/11/05,652
11/11/05,703
12/11/05,737
13/11/05,741
14/11/05,0
15/11/05,329
16/11/05,237
17/11/05,296
18/11/05,337
19/11/05,482
20/11/05,380
21/11/05,0
22/11/05,316
23/11/05,315
24/11/05,0
25/11/05,741
26/11/05,505
27/11/05,412
28/11/05,0
29/11/05,240
30/11/05,234
1/12/05,225
2/12/05,403
3/12/05,415
4/12/05,1190
5/12/05,0
6/12/05,1326
7/12/05,327
8/12/05,507
9/12/05,411
10/12/05,618
11/12/05,583
12/12/05,0
13/12/05,371
14/12/05,305
15/12/05,369
16/12/05,249
17/12/05,468
18/12/05,511
19/12/05,0
20/12/05,386
21/12/05,468
22/12/05,550
23/12/05,485
24/12/05,350
25/12/05,0
26/12/05,0
27/12/05,1392
28/12/05,1243
29/12/05,1401
30/12/05,1038
31/12/05,1612
1/01/06,0
2/01/06,0
3/01/06,2270
4/01/06,485
5/01/06,833
6/01/06,462
7/01/06,940
8/01/06,2263
9/01/06,0
10/01/06,275
11/01/06,395
12/01/06,563
13/01/06,402
14/01/06,1085
15/01/06,1138
16/01/06,0
17/01/06,343
18/01/06,366
19/01/06,831
20/01/06,462
21/01/06,781
22/01/06,617
23/01/06,0
24/01/06,455
25/01/06,392
26/01/06,730
27/01/06,467
28/01/06,935
29/01/06,1081
30/01/06,0
31/01/06,380
1/02/06,403
2/02/06,638
3/02/06,447
4/02/06,814
5/02/06,647
6/02/06,0
7/02/06,2797
8/02/06,397
9/02/06,872
10/02/06,599
11/02/06,894
12/02/06,877
13/02/06,0
14/02/06,396
15/02/06,373
16/02/06,849
17/02/06,559
18/02/06,1360
19/02/06,1545
20/02/06,0
21/02/06,554
22/02/06,539
23/02/06,1124
24/02/06,698
25/02/06,1038
26/02/06,1303
27/02/06,0
28/02/06,280
1/03/06,262
2/03/06,356
3/03/06,573
4/03/06,427
5/03/06,639
6/03/06,0
7/03/06,1658
8/03/06,255
9/03/06,421
10/03/06,289
11/03/06,619
12/03/06,689
13/03/06,0
14/03/06,363
15/03/06,314
16/03/06,472
17/03/06,319
18/03/06,797
19/03/06,481
20/03/06,0
21/03/06,384
22/03/06,362
23/03/06,840
24/03/06,555
25/03/06,782
26/03/06,641
27/03/06,0
28/03/06,530
29/03/06,519
30/03/06,817
31/03/06,510
1/04/06,621
2/04/06,688
3/04/06,0
4/04/06,1990
5/04/06,494
6/04/06,757
7/04/06,522
8/04/06,638
9/04/06,813
10/04/06,0
11/04/06,680
12/04/06,542
13/04/06,839
14/04/06,476
15/04/06,825
16/04/06,505
17/04/06,0
18/04/06,381
19/04/06,427
20/04/06,534
21/04/06,463
22/04/06,718
23/04/06,759
24/04/06,0
25/04/06,374
26/04/06,418
27/04/06,586
28/04/06,362
29/04/06,981
30/04/06,844
1/05/06,0
2/05/06,1952
3/05/06,389
4/05/06,524
5/05/06,324
6/05/06,476
7/05/06,475
8/05/06,0
9/05/06,277
10/05/06,332
11/05/06,550
12/05/06,316
13/05/06,413
14/05/06,1336
15/05/06,0
16/05/06,324
17/05/06,367
18/05/06,668
19/05/06,526
20/05/06,737
21/05/06,577
22/05/06,0
23/05/06,297
24/05/06,310
25/05/06,462
26/05/06,441
27/05/06,505
28/05/06,499
29/05/06,0
30/05/06,288
31/05/06,242
1/06/06,1133
2/06/06,284
3/06/06,405
4/06/06,396
5/06/06,0
6/06/06,1925
7/06/06,272
8/06/06,509
9/06/06,309
10/06/06,415
11/06/06,432
12/06/06,0
13/06/06,310
14/06/06,351
15/06/06,584
16/06/06,355
17/06/06,3631
18/06/06,4749
19/06/06,0
20/06/06,385
21/06/06,416
22/06/06,734
23/06/06,456
24/06/06,537
25/06/06,441
26/06/06,0
27/06/06,582
28/06/06,402
29/06/06,652
30/06/06,394
1/07/06,580
2/07/06,864
3/07/06,0
4/07/06,2162
5/07/06,423
6/07/06,1303
7/07/06,500
8/07/06,625
9/07/06,441
10/07/06,0
11/07/06,417
12/07/06,554
13/07/06,762
14/07/06,504
15/07/06,602
16/07/06,696
17/07/06,0
18/07/06,457
19/07/06,445
20/07/06,687
21/07/06,519
22/07/06,613
23/07/06,678
24/07/06,0
25/07/06,440
26/07/06,415
27/07/06,611
28/07/06,647
29/07/06,638
30/07/06,516
31/07/06,0
1/08/06,2953
2/08/06,558
3/08/06,1351
4/08/06,464
5/08/06,550
6/08/06,573
7/08/06,0
8/08/06,508
9/08/06,593
10/08/06,735
11/08/06,472
12/08/06,607
13/08/06,626
14/08/06,0
15/08/06,566
16/08/06,560
17/08/06,816
18/08/06,566
19/08/06,633
20/08/06,621
21/08/06,0
22/08/06,578
23/08/06,495
24/08/06,775
25/08/06,434
26/08/06,650
27/08/06,584
28/08/06,0
29/08/06,377
30/08/06,365
31/08/06,564
1/09/06,468
2/09/06,790
3/09/06,846
4/09/06,0
5/09/06,1438
6/09/06,245
7/09/06,731
8/09/06,329
9/09/06,462
10/09/06,413
11/09/06,0
12/09/06,359
13/09/06,326
14/09/06,571
15/09/06,340
16/09/06,458
17/09/06,549
18/09/06,0
19/09/06,233
20/09/06,306
21/09/06,486
22/09/06,335
23/09/06,326
24/09/06,376
25/09/06,0
26/09/06,263
27/09/06,289
28/09/06,469
29/09/06,291
30/09/06,364
1/10/06,349
2/10/06,0
3/10/06,1734
4/10/06,256
5/10/06,857
6/10/06,384
7/10/06,354
8/10/06,1217
9/10/06,0
10/10/06,301
11/10/06,301
12/10/06,691
13/10/06,400
14/10/06,602
15/10/06,646
16/10/06,0
17/10/06,368
18/10/06,371
19/10/06,1133
20/10/06,412
21/10/06,669
22/10/06,747
23/10/06,0
24/10/06,365
25/10/06,469
26/10/06,1736
27/10/06,329
28/10/06,589
29/10/06,722
30/10/06,0
31/10/06,235
1/11/06,299
2/11/06,928
3/11/06,430
4/11/06,1182
5/11/06,799
6/11/06,0
7/11/06,2117
8/11/06,340
9/11/06,449
10/11/06,546
11/11/06,823
12/11/06,736
13/11/06,0
14/11/06,348
15/11/06,359
16/11/06,420
17/11/06,498
18/11/06,691
19/11/06,678
20/11/06,0
21/11/06,386
22/11/06,419
23/11/06,0
24/11/06,940
25/11/06,846
26/11/06,691
27/11/06,0
28/11/06,289
29/11/06,322
30/11/06,508
1/12/06,294
2/12/06,534
3/12/06,465
4/12/06,0
5/12/06,2094
6/12/06,197
7/12/06,517
8/12/06,334
9/12/06,556
10/12/06,667
11/12/06,0
12/12/06,356
13/12/06,406
14/12/06,368
15/12/06,242
16/12/06,524
17/12/06,480
18/12/06,0
19/12/06,383
20/12/06,356
21/12/06,643
22/12/06,410
23/12/06,497
24/12/06,457
25/12/06,0
26/12/06,817
27/12/06,1066
28/12/06,1525
29/12/06,1068
30/12/06,1158
31/12/06,1605
1/01/07,0
2/01/07,1905
3/01/07,462
4/01/07,596
5/01/07,407
6/01/07,1369
7/01/07,1325
8/01/07,0
9/01/07,237
10/01/07,260
11/01/07,359
12/01/07,249
13/01/07,469
14/01/07,582
15/01/07,0
16/01/07,203
17/01/07,258
18/01/07,584
19/01/07,179
20/01/07,392
21/01/07,298
22/01/07,0
23/01/07,189
24/01/07,230
25/01/07,226
26/01/07,232
27/01/07,371
28/01/07,431
29/01/07,0
30/01/07,179
31/01/07,195
1/02/07,516
2/02/07,332
3/02/07,701
4/02/07,541
5/02/07,0
6/02/07,2065
7/02/07,338
8/02/07,526
9/02/07,395
10/02/07,974
11/02/07,830
12/02/07,0
13/02/07,323
14/02/07,335
15/02/07,670
16/02/07,577
17/02/07,779
18/02/07,1272
19/02/07,0
20/02/07,370
21/02/07,479
22/02/07,678
23/02/07,642
24/02/07,1016
25/02/07,1036
26/02/07,0
27/02/07,330
28/02/07,296
1/03/07,799
2/03/07,475
3/03/07,762
4/03/07,760
5/03/07,0
6/03/07,1931
7/03/07,487
8/03/07,713
9/03/07,466
10/03/07,923
11/03/07,807
12/03/07,0
13/03/07,427
14/03/07,448
15/03/07,598
16/03/07,556
17/03/07,667
18/03/07,785
19/03/07,0
20/03/07,489
21/03/07,385
22/03/07,640
23/03/07,429
24/03/07,1288
25/03/07,1009
26/03/07,0
27/03/07,504
28/03/07,467
29/03/07,704
30/03/07,668
31/03/07,706
1/04/07,865
2/04/07,0
3/04/07,2965
4/04/07,606
5/04/07,1226
6/04/07,710
7/04/07,1026
8/04/07,664
9/04/07,0
10/04/07,574
11/04/07,783
12/04/07,971
13/04/07,668
14/04/07,1174
15/04/07,736
16/04/07,0
17/04/07,454
18/04/07,383
19/04/07,826
20/04/07,552
21/04/07,1126
22/04/07,932
23/04/07,0
24/04/07,431
25/04/07,460
26/04/07,920
27/04/07,854
28/04/07,1208
29/04/07,1439
30/04/07,0
1/05/07,1905
2/05/07,421
3/05/07,658
4/05/07,456
5/05/07,871
6/05/07,906
7/05/07,0
8/05/07,303
9/05/07,289
10/05/07,432
11/05/07,323
12/05/07,641
13/05/07,1175
14/05/07,0
15/05/07,366
16/05/07,309
17/05/07,570
18/05/07,381
19/05/07,786
20/05/07,760
21/05/07,0
22/05/07,413
23/05/07,342
24/05/07,503
25/05/07,456
26/05/07,1068
27/05/07,1256
28/05/07,0
29/05/07,446
30/05/07,521
31/05/07,983
1/06/07,340
2/06/07,928
3/06/07,881
4/06/07,0
5/06/07,2800
6/06/07,420
7/06/07,1705
8/06/07,557
9/06/07,970
10/06/07,946
11/06/07,0
12/06/07,452
13/06/07,424
14/06/07,830
15/06/07,609
16/06/07,951
17/06/07,972
18/06/07,0
19/06/07,661
20/06/07,572
21/06/07,819
22/06/07,616
23/06/07,832
24/06/07,579
25/06/07,0
26/06/07,598
27/06/07,630
28/06/07,868
29/06/07,561
30/06/07,848
1/07/07,840
2/07/07,0
3/07/07,3875
4/07/07,602
5/07/07,1295
6/07/07,670
7/07/07,1711
8/07/07,837
9/07/07,0
10/07/07,439
11/07/07,463
12/07/07,808
13/07/07,677
14/07/07,971
15/07/07,806
16/07/07,0
17/07/07,621
18/07/07,733
19/07/07,800
20/07/07,700
21/07/07,987
22/07/07,876
23/07/07,0
24/07/07,683
25/07/07,681
26/07/07,1073
27/07/07,626
28/07/07,1066
29/07/07,901
30/07/07,0
31/07/07,764
1/08/07,667
2/08/07,1465
3/08/07,610
4/08/07,1005
5/08/07,1027
6/08/07,0
7/08/07,4759
8/08/07,715
9/08/07,879
10/08/07,689
11/08/07,1040
12/08/07,1032
13/08/07,0
14/08/07,872
15/08/07,662
16/08/07,1143
17/08/07,704
18/08/07,1148
19/08/07,1232
20/08/07,0
21/08/07,688
22/08/07,703
23/08/07,964
24/08/07,667
25/08/07,1051
26/08/07,1048
27/08/07,0
28/08/07,513
29/08/07,513
30/08/07,815
31/08/07,579
1/09/07,1171
2/09/07,1439
3/09/07,0
4/09/07,1986
5/09/07,290
6/09/07,1444
7/09/07,500
8/09/07,1146
9/09/07,1268
10/09/07,0
11/09/07,255
12/09/07,259
13/09/07,322
14/09/07,271
15/09/07,386
16/09/07,382
17/09/07,0
18/09/07,227
19/09/07,246
20/09/07,399
21/09/07,303
22/09/07,577
23/09/07,361
24/09/07,0
25/09/07,223
26/09/07,243
27/09/07,388
28/09/07,381
29/09/07,329
30/09/07,333
1/10/07,0
2/10/07,1434
3/10/07,164
4/10/07,840
5/10/07,277
6/10/07,459
7/10/07,376
8/10/07,0
9/10/07,287
10/10/07,243
11/10/07,706
12/10/07,730
13/10/07,764
14/10/07,632
15/10/07,0
16/10/07,424
17/10/07,449
18/10/07,670
19/10/07,504
20/10/07,692
21/10/07,971
22/10/07,0
23/10/07,304
24/10/07,379
25/10/07,540
26/10/07,434
27/10/07,598
28/10/07,647
29/10/07,0
30/10/07,308
31/10/07,389
1/11/07,1244
2/11/07,397
3/11/07,850
4/11/07,914
5/11/07,0
6/11/07,2251
7/11/07,329
8/11/07,519
9/11/07,426
10/11/07,1015
11/11/07,674
12/11/07,0
13/11/07,230
14/11/07,280
15/11/07,556
16/11/07,393
17/11/07,787
18/11/07,707
19/11/07,0
20/11/07,412
21/11/07,350
22/11/07,0
23/11/07,731
24/11/07,813
25/11/07,598
26/11/07,0
27/11/07,223
28/11/07,284
29/11/07,468
30/11/07,324
1/12/07,2792
2/12/07,412
3/12/07,0
4/12/07,2039
5/12/07,278
6/12/07,458
7/12/07,271
8/12/07,510
9/12/07,449
10/12/07,0
11/12/07,286
12/12/07,283
13/12/07,349
14/12/07,313
15/12/07,340
16/12/07,401
17/12/07,0
18/12/07,297
19/12/07,305
20/12/07,438
21/12/07,291
22/12/07,457
23/12/07,472
24/12/07,0
25/12/07,0
26/12/07,707
27/12/07,1145
28/12/07,1163
29/12/07,1317
30/12/07,2012
31/12/07,0
1/01/08,0
2/01/08,698
3/01/08,993
4/01/08,508
5/01/08,1626
6/01/08,1267
7/01/08,0
8/01/08,663
9/01/08,260
10/01/08,384
11/01/08,265
12/01/08,354
13/01/08,878
14/01/08,0
15/01/08,258
16/01/08,190
17/01/08,307
18/01/08,235
19/01/08,435
20/01/08,670
21/01/08,0
22/01/08,250
23/01/08,239
24/01/08,564
25/01/08,258
26/01/08,450
27/01/08,488
28/01/08,0
29/01/08,207
30/01/08,180
31/01/08,295
1/02/08,240
2/02/08,738
3/02/08,608
4/02/08,0
5/02/08,1345
6/02/08,237
7/02/08,317
8/02/08,196
9/02/08,390
10/02/08,374
11/02/08,0
12/02/08,169
13/02/08,294
14/02/08,846
15/02/08,390
16/02/08,803
17/02/08,1107
18/02/08,0
19/02/08,478
20/02/08,389
21/02/08,1007
22/02/08,560
23/02/08,912
24/02/08,1076
25/02/08,0
26/02/08,339
27/02/08,374
28/02/08,581
29/02/08,414
1/03/08,780
2/03/08,652
3/03/08,0
4/03/08,2223
5/03/08,326
6/03/08,541
7/03/08,422
8/03/08,848
9/03/08,561
10/03/08,0
11/03/08,312
12/03/08,337
13/03/08,537
14/03/08,624
15/03/08,1162
16/03/08,825
17/03/08,0
18/03/08,478
19/03/08,596
20/03/08,874
21/03/08,609
22/03/08,718
23/03/08,571
24/03/08,0
25/03/08,688
26/03/08,665
27/03/08,1265
28/03/08,677
29/03/08,866
30/03/08,649
31/03/08,0
1/04/08,2267
2/04/08,430
3/04/08,624
4/04/08,403
5/04/08,1098
6/04/08,798
7/04/08,0
8/04/08,362
9/04/08,441
10/04/08,528
11/04/08,414
12/04/08,561
13/04/08,620
14/04/08,0
15/04/08,464
16/04/08,423
17/04/08,695
18/04/08,506
19/04/08,967
20/04/08,754
21/04/08,0
22/04/08,451
23/04/08,491
24/04/08,653
25/04/08,423
26/04/08,873
27/04/08,946
28/04/08,0
29/04/08,437
30/04/08,466
1/05/08,858
2/05/08,682
3/05/08,996
4/05/08,7314
5/05/08,0
6/05/08,628
7/05/08,221
8/05/08,369
9/05/08,467
10/05/08,490
11/05/08,589
12/05/08,0
13/05/08,266
14/05/08,234
15/05/08,516
16/05/08,343
17/05/08,437
18/05/08,530
19/05/08,0
20/05/08,335
21/05/08,282
22/05/08,454
23/05/08,313
24/05/08,735
25/05/08,561
26/05/08,0
27/05/08,287
28/05/08,271
29/05/08,364
30/05/08,354
31/05/08,339
1/06/08,2365
2/06/08,0
3/06/08,340
4/06/08,266
5/06/08,1066
6/06/08,236
7/06/08,273
8/06/08,372
9/06/08,0
10/06/08,296
11/06/08,242
12/06/08,379
13/06/08,316
14/06/08,317
15/06/08,397
16/06/08,0
17/06/08,346
18/06/08,355
19/06/08,651
20/06/08,329
21/06/08,506
22/06/08,511
23/06/08,0
24/06/08,413
25/06/08,315
26/06/08,677
27/06/08,654
28/06/08,863
29/06/08,736
30/06/08,0
1/07/08,894
2/07/08,792
3/07/08,1246
4/07/08,908
5/07/08,1136
6/07/08,5998
7/07/08,0
8/07/08,714
9/07/08,655
10/07/08,1918
11/07/08,713
12/07/08,1093
13/07/08,1139
14/07/08,0
15/07/08,809
16/07/08,717
17/07/08,956
18/07/08,776
19/07/08,1144
20/07/08,1421
21/07/08,0
22/07/08,869
23/07/08,819
24/07/08,1006
25/07/08,854
26/07/08,1226
27/07/08,1202
28/07/08,0
29/07/08,858
30/07/08,1055
31/07/08,1001
1/08/08,760
2/08/08,1229
3/08/08,6989
4/08/08,0
5/08/08,1518
6/08/08,1242
7/08/08,2789
8/08/08,816
9/08/08,1219
10/08/08,1285
11/08/08,0
12/08/08,1097
13/08/08,991
14/08/08,1646
15/08/08,930
16/08/08,1473
17/08/08,1403
18/08/08,0
19/08/08,950
20/08/08,889
21/08/08,1226
22/08/08,853
23/08/08,1093
24/08/08,1203
25/08/08,0
26/08/08,751
27/08/08,711
28/08/08,928
29/08/08,1036
30/08/08,1444
31/08/08,1692
1/09/08,0
2/09/08,710
3/09/08,521
4/09/08,1727
5/09/08,823
6/09/08,1044
7/09/08,6650
8/09/08,0
9/09/08,766
10/09/08,681
11/09/08,1342
12/09/08,1015
13/09/08,1368
14/09/08,1563
15/09/08,0
16/09/08,810
17/09/08,923
18/09/08,1925
19/09/08,1314
20/09/08,2296
21/09/08,2252
22/09/08,0
23/09/08,346
24/09/08,259
25/09/08,361
26/09/08,475
27/09/08,417
28/09/08,461
29/09/08,0
30/09/08,205
1/10/08,225
2/10/08,1722
3/10/08,416
4/10/08,310
5/10/08,1985
6/10/08,0
7/10/08,262
8/10/08,245
9/10/08,478
10/10/08,388
11/10/08,337
12/10/08,380
13/10/08,0
14/10/08,241
15/10/08,253
16/10/08,459
17/10/08,367
18/10/08,336
19/10/08,506
20/10/08,0
21/10/08,225
22/10/08,308
23/10/08,686
24/10/08,896
25/10/08,1084
26/10/08,1214
27/10/08,0
28/10/08,715
29/10/08,819
30/10/08,1653
31/10/08,816
1/11/08,1393
2/11/08,4013
3/11/08,0
4/11/08,487
5/11/08,637
6/11/08,2272
7/11/08,748
8/11/08,1504
9/11/08,1584
10/11/08,0
11/11/08,1370
12/11/08,598
13/11/08,1229
14/11/08,708
15/11/08,1794
16/11/08,1386
17/11/08,0
18/11/08,720
19/11/08,779
20/11/08,978
21/11/08,908
22/11/08,1180
23/11/08,1353
24/11/08,0
25/11/08,900
26/11/08,1098
27/11/08,0
28/11/08,1875
29/11/08,1711
30/11/08,1249
1/12/08,0
2/12/08,654
3/12/08,547
4/12/08,881
5/12/08,763
6/12/08,1134
7/12/08,3567
8/12/08,0
9/12/08,590
10/12/08,490
11/12/08,1065
12/12/08,724
13/12/08,947
14/12/08,1104
15/12/08,0
16/12/08,794
17/12/08,718
18/12/08,893
19/12/08,676
20/12/08,821
21/12/08,1009
22/12/08,0
23/12/08,1128
24/12/08,707
25/12/08,0
26/12/08,1805
27/12/08,1973
28/12/08,2095
29/12/08,0
30/12/08,2427
31/12/08,2114
1/01/09,0
2/01/09,2423
3/01/09,2435
4/01/09,5727
5/01/09,0
6/01/09,987
7/01/09,1059
8/01/09,1596
9/01/09,1163
10/01/09,2446
11/01/09,2342
12/01/09,0
13/01/09,1032
14/01/09,1234
15/01/09,2136
16/01/09,1775
17/01/09,3008
18/01/09,2858
19/01/09,0
20/01/09,849
21/01/09,1506
22/01/09,2722
23/01/09,2229
24/01/09,3282
25/01/09,3335
26/01/09,0
27/01/09,256
28/01/09,196
29/01/09,292
30/01/09,480
31/01/09,387
1/02/09,2527
2/02/09,0
3/02/09,173
4/02/09,202
5/02/09,357
6/02/09,462
7/02/09,499
8/02/09,560
9/02/09,0
10/02/09,166
11/02/09,215
12/02/09,354
13/02/09,434
14/02/09,531
15/02/09,850
16/02/09,0
17/02/09,343
18/02/09,383
19/02/09,597
20/02/09,794
21/02/09,1084
22/02/09,962
23/02/09,0
24/02/09,450
25/02/09,507
26/02/09,875
27/02/09,744
28/02/09,1237
1/03/09,4187
2/03/09,0
3/03/09,617
4/03/09,421
5/03/09,730
6/03/09,742
7/03/09,842
8/03/09,674
9/03/09,0
10/03/09,410
11/03/09,562
12/03/09,533
13/03/09,795
14/03/09,1029
15/03/09,1410
16/03/09,0
17/03/09,463
18/03/09,602
19/03/09,776
20/03/09,726
21/03/09,1071
22/03/09,1114
23/03/09,0
24/03/09,616
25/03/09,566
26/03/09,978
27/03/09,802
28/03/09,700
29/03/09,805
30/03/09,0
31/03/09,428
1/04/09,478
2/04/09,726
3/04/09,810
4/04/09,842
5/04/09,3527
6/04/09,0
7/04/09,669
8/04/09,621
9/04/09,1005
10/04/09,888
11/04/09,896
12/04/09,674
13/04/09,0
14/04/09,577
15/04/09,601
16/04/09,974
17/04/09,797
18/04/09,1123
19/04/09,823
20/04/09,0
21/04/09,403
22/04/09,512
23/04/09,912
24/04/09,797
25/04/09,1109
26/04/09,1050
27/04/09,0
28/04/09,475
29/04/09,504
30/04/09,1009
1/05/09,955
2/05/09,1367
3/05/09,4967
4/05/09,0
5/05/09,784
6/05/09,779
7/05/09,2022
8/05/09,1166
9/05/09,1589
10/05/09,6411
11/05/09,0
12/05/09,155
13/05/09,171
14/05/09,338
15/05/09,314
16/05/09,466
17/05/09,258
18/05/09,0
19/05/09,309
20/05/09,256
21/05/09,518
22/05/09,289
23/05/09,407
24/05/09,464
25/05/09,0
26/05/09,193
27/05/09,212
28/05/09,463
29/05/09,278
30/05/09,351
31/05/09,302
1/06/09,0
2/06/09,161
3/06/09,276
4/06/09,323
5/06/09,181
6/06/09,270
7/06/09,1260
8/06/09,0
9/06/09,241
10/06/09,227
11/06/09,582
12/06/09,923
13/06/09,1220
14/06/09,1438
15/06/09,0
16/06/09,1008
17/06/09,1127
18/06/09,2611
19/06/09,856
20/06/09,1604
21/06/09,1919
22/06/09,0
23/06/09,1006
24/06/09,845
25/06/09,1434
26/06/09,1036
27/06/09,1285
28/06/09,855
29/06/09,0
30/06/09,1198
1/07/09,1171
2/07/09,2713
3/07/09,1938
4/07/09,1196
5/07/09,4499
6/07/09,0
7/07/09,1108
8/07/09,785
9/07/09,1543
10/07/09,1141
11/07/09,1794
12/07/09,1592
13/07/09,0
14/07/09,896
15/07/09,1073
16/07/09,1777
17/07/09,1009
18/07/09,1728
19/07/09,1543
20/07/09,0
21/07/09,1204
22/07/09,1154
23/07/09,1489
24/07/09,1249
25/07/09,1783
26/07/09,1609
27/07/09,0
28/07/09,1312
29/07/09,1039
30/07/09,1651
31/07/09,1193
1/08/09,1687
2/08/09,5418
3/08/09,0
4/08/09,1432
5/08/09,1145
6/08/09,1592
7/08/09,1407
8/08/09,1737
9/08/09,1767
10/08/09,0
11/08/09,1510
12/08/09,1052
13/08/09,1722
14/08/09,1069
15/08/09,1676
16/08/09,1863
17/08/09,0
18/08/09,1115
19/08/09,1111
20/08/09,1583
21/08/09,1163
22/08/09,1577
23/08/09,1804
24/08/09,0
25/08/09,813
26/08/09,932
27/08/09,2522
28/08/09,1089
29/08/09,1831
30/08/09,1979
31/08/09,0
1/09/09,747
2/09/09,735
3/09/09,1230
4/09/09,1011
5/09/09,1876
6/09/09,5765
7/09/09,0
8/09/09,662
9/09/09,758
10/09/09,1320
11/09/09,1092
12/09/09,2414
13/09/09,2620
14/09/09,0
15/09/09,982
16/09/09,1380
17/09/09,2703
18/09/09,2003
19/09/09,2926
20/09/09,2817
21/09/09,0
22/09/09,226
23/09/09,237
24/09/09,306
25/09/09,329
26/09/09,234
27/09/09,284
28/09/09,0
29/09/09,181
30/09/09,174
1/10/09,234
2/10/09,354
3/10/09,0
4/10/09,2645
5/10/09,0
6/10/09,266
7/10/09,237
8/10/09,213
9/10/09,379
10/10/09,392
11/10/09,289
12/10/09,0
13/10/09,197
14/10/09,235
15/10/09,213
16/10/09,322
17/10/09,308
18/10/09,305
19/10/09,0
20/10/09,193
21/10/09,306
22/10/09,505
23/10/09,598
24/10/09,635
25/10/09,890
26/10/09,0
27/10/09,413
28/10/09,410
29/10/09,1165
30/10/09,332
31/10/09,417
1/11/09,1902
2/11/09,0
3/11/09,233
4/11/09,292
5/11/09,403
6/11/09,544
7/11/09,478
8/11/09,602
9/11/09,0
10/11/09,357
11/11/09,567
12/11/09,359
13/11/09,501
14/11/09,940
15/11/09,476
16/11/09,0
17/11/09,314
18/11/09,352
19/11/09,360
20/11/09,449
21/11/09,616
22/11/09,592
23/11/09,0
24/11/09,358
25/11/09,365
26/11/09,0
27/11/09,649
28/11/09,559
29/11/09,418
30/11/09,0
1/12/09,242
2/12/09,303
3/12/09,231
4/12/09,463
5/12/09,307
6/12/09,1596
7/12/09,0
8/12/09,246
9/12/09,305
10/12/09,288
11/12/09,386
12/12/09,385
13/12/09,436
14/12/09,0
15/12/09,259
16/12/09,258
17/12/09,262
18/12/09,256
19/12/09,524
20/12/09,368
21/12/09,0
22/12/09,365
23/12/09,371
24/12/09,270
25/12/09,0
26/12/09,546
27/12/09,700
28/12/09,0
29/12/09,858
30/12/09,710
31/12/09,1309
1/01/10,0
2/01/10,771
3/01/10,2338
4/01/10,0
5/01/10,476
6/01/10,552
7/01/10,534
8/01/10,726
9/01/10,1488
10/01/10,1054
11/01/10,0
12/01/10,161
13/01/10,200
14/01/10,214
15/01/10,377
16/01/10,354
17/01/10,456
18/01/10,0
19/01/10,196
20/01/10,162
21/01/10,139
22/01/10,306
23/01/10,347
24/01/10,288
25/01/10,0
26/01/10,206
27/01/10,178
28/01/10,135
29/01/10,338
30/01/10,281
31/01/10,296
1/02/10,0
2/02/10,145
3/02/10,155
4/02/10,216
5/02/10,360
6/02/10,356
7/02/10,2823
8/02/10,0
9/02/10,157
10/02/10,249
11/02/10,735
12/02/10,689
13/02/10,757
14/02/10,1045
15/02/10,0
16/02/10,438
17/02/10,454
18/02/10,1540
19/02/10,674
20/02/10,1146
21/02/10,1101
22/02/10,0
23/02/10,518
24/02/10,379
25/02/10,648
26/02/10,635
27/02/10,893
28/02/10,783
1/03/10,0
2/03/10,476
3/03/10,366
4/03/10,619
5/03/10,586
6/03/10,726
7/03/10,3611
8/03/10,0
9/03/10,414
10/03/10,388
11/03/10,373
12/03/10,677
13/03/10,674
14/03/10,669
15/03/10,0
16/03/10,422
17/03/10,357
18/03/10,677
19/03/10,546
20/03/10,958
21/03/10,775
22/03/10,0
23/03/10,447
24/03/10,458
25/03/10,628
26/03/10,670
27/03/10,569
28/03/10,618
29/03/10,0
30/03/10,443
31/03/10,572
1/04/10,1777
2/04/10,757
3/04/10,730
4/04/10,2890
5/04/10,0
6/04/10,428
7/04/10,455
8/04/10,1619
9/04/10,557
10/04/10,649
11/04/10,851
12/04/10,0
13/04/10,334
14/04/10,373
15/04/10,739
16/04/10,546
17/04/10,543
18/04/10,536
19/04/10,0
20/04/10,410
21/04/10,537
22/04/10,463
23/04/10,458
24/04/10,836
25/04/10,471
26/04/10,0
27/04/10,416
28/04/10,313
29/04/10,428
30/04/10,364
1/05/10,587
2/05/10,2623
3/05/10,0
4/05/10,315
5/05/10,304
6/05/10,444
7/05/10,443
8/05/10,491
9/05/10,1040
10/05/10,0
11/05/10,299
12/05/10,278
13/05/10,621
14/05/10,458
15/05/10,620
16/05/10,488
17/05/10,0
18/05/10,316
19/05/10,449
20/05/10,711
21/05/10,325
22/05/10,520
23/05/10,506
24/05/10,0
25/05/10,393
26/05/10,309
27/05/10,534
28/05/10,361
29/05/10,506
30/05/10,639
31/05/10,0
1/06/10,322
2/06/10,359
3/06/10,1192
4/06/10,309
5/06/10,383
6/06/10,2763
7/06/10,0
8/06/10,264
9/06/10,318
10/06/10,429
11/06/10,331
12/06/10,377
13/06/10,420
14/06/10,0
15/06/10,308
16/06/10,304
17/06/10,470
18/06/10,395
19/06/10,472
20/06/10,462
21/06/10,0
22/06/10,410
23/06/10,366
24/06/10,788
25/06/10,419
26/06/10,425
27/06/10,334
28/06/10,0
29/06/10,426
30/06/10,372
1/07/10,460
2/07/10,337
3/07/10,457
4/07/10,2502
5/07/10,0
6/07/10,306
7/07/10,408
8/07/10,501
9/07/10,384
10/07/10,608
11/07/10,503
12/07/10,0
13/07/10,327
14/07/10,362
15/07/10,568
16/07/10,365
17/07/10,4309
18/07/10,514
19/07/10,0
20/07/10,449
21/07/10,436
22/07/10,709
23/07/10,422
24/07/10,566
25/07/10,543
26/07/10,0
27/07/10,479
28/07/10,397
29/07/10,828
30/07/10,435
31/07/10,541
1/08/10,2919
2/08/10,0
3/08/10,484
4/08/10,520
5/08/10,771
6/08/10,488
7/08/10,593
8/08/10,826
9/08/10,0
10/08/10,515
11/08/10,502
12/08/10,769
13/08/10,506
14/08/10,703
15/08/10,696
16/08/10,0
17/08/10,470
18/08/10,508
19/08/10,1672
20/08/10,474
21/08/10,707
22/08/10,708
23/08/10,0
24/08/10,439
25/08/10,500
26/08/10,786
27/08/10,627
28/08/10,862
29/08/10,867
30/08/10,0
31/08/10,504
1/09/10,433
2/09/10,757
3/09/10,787
4/09/10,945
5/09/10,3379
6/09/10,0
7/09/10,159
8/09/10,200
9/09/10,245
10/09/10,276
11/09/10,270
12/09/10,216
13/09/10,0
14/09/10,163
15/09/10,206
16/09/10,346
17/09/10,323
18/09/10,250
19/09/10,666
20/09/10,0
21/09/10,271
22/09/10,188
23/09/10,292
24/09/10,277
25/09/10,231
26/09/10,272
27/09/10,0
28/09/10,225
29/09/10,236
30/09/10,260
1/10/10,371
2/10/10,237
3/10/10,2550
4/10/10,0
5/10/10,185
6/10/10,149
7/10/10,232
8/10/10,383
9/10/10,194
10/10/10,270
11/10/10,0
12/10/10,147
13/10/10,197
14/10/10,353
15/10/10,539
16/10/10,407
17/10/10,471
18/10/10,0
19/10/10,176
20/10/10,220
21/10/10,223
22/10/10,463
23/10/10,643
24/10/10,568
25/10/10,0
26/10/10,184
27/10/10,338
28/10/10,783
29/10/10,427
30/10/10,668
31/10/10,330
1/11/10,0
2/11/10,190
3/11/10,233
4/11/10,323
5/11/10,378
6/11/10,502
7/11/10,1861
8/11/10,0
9/11/10,278
10/11/10,262
11/11/10,481
12/11/10,543
13/11/10,872
14/11/10,484
15/11/10,0
16/11/10,199
17/11/10,324
18/11/10,233
19/11/10,386
20/11/10,673
21/11/10,544
22/11/10,0
23/11/10,285
24/11/10,369
25/11/10,0
26/11/10,492
27/11/10,586
28/11/10,431
29/11/10,0
30/11/10,221
1/12/10,188
2/12/10,215
3/12/10,338
4/12/10,341
5/12/10,1616
6/12/10,0
7/12/10,205
8/12/10,222
9/12/10,226
10/12/10,370
11/12/10,464
12/12/10,358
13/12/10,0
14/12/10,204
15/12/10,230
16/12/10,180
17/12/10,236
18/12/10,346
19/12/10,380
20/12/10,0
21/12/10,379
22/12/10,408
23/12/10,357
24/12/10,277
25/12/10,0
26/12/10,736
27/12/10,0
28/12/10,892
29/12/10,661
30/12/10,641
31/12/10,1344
1/01/11,0
2/01/11,2135
3/01/11,0
4/01/11,375
5/01/11,335
6/01/11,458
7/01/11,549
8/01/11,1092
9/01/11,711
10/01/11,0
11/01/11,376
12/01/11,394
13/01/11,533
14/01/11,633
15/01/11,892
16/01/11,840
17/01/11,0
18/01/11,112
19/01/11,80
20/01/11,169
21/01/11,284
22/01/11,253
23/01/11,267
24/01/11,0
25/01/11,129
26/01/11,140
27/01/11,117
28/01/11,370
29/01/11,290
30/01/11,314
31/01/11,0
1/02/11,122
2/02/11,160
3/02/11,233
4/02/11,274
5/02/11,359
6/02/11,1684
7/02/11,0
8/02/11,116
9/02/11,177
10/02/11,165
11/02/11,356
12/02/11,230
13/02/11,378
14/02/11,0
15/02/11,219
16/02/11,156
17/02/11,230
18/02/11,429
19/02/11,569
20/02/11,452
21/02/11,0
22/02/11,162
23/02/11,251
24/02/11,1334
25/02/11,868
26/02/11,832
27/02/11,703
28/02/11,0
1/03/11,204
2/03/11,318
3/03/11,1417
4/03/11,510
5/03/11,650
6/03/11,2920
7/03/11,0
8/03/11,257
9/03/11,269
10/03/11,373
11/03/11,534
12/03/11,928
13/03/11,685
14/03/11,0
15/03/11,405
16/03/11,374
17/03/11,362
18/03/11,528
19/03/11,883
20/03/11,796
21/03/11,0
22/03/11,402
23/03/11,431
24/03/11,535
25/03/11,549
26/03/11,707
27/03/11,531
28/03/11,0
29/03/11,247
30/03/11,223
31/03/11,491
1/04/11,417
2/04/11,462
3/04/11,2159
4/04/11,0
5/04/11,223
6/04/11,265
7/04/11,466
8/04/11,506
9/04/11,416
10/04/11,482
11/04/11,0
12/04/11,222
13/04/11,288
14/04/11,463
15/04/11,427
16/04/11,554
17/04/11,460
18/04/11,0
19/04/11,345
20/04/11,391
21/04/11,1132
22/04/11,459
23/04/11,643
24/04/11,380
25/04/11,0
26/04/11,254
27/04/11,290
28/04/11,330
29/04/11,266
30/04/11,424
1/05/11,3175
2/05/11,0
3/05/11,275
4/05/11,227
5/05/11,351
6/05/11,364
7/05/11,542
8/05/11,828
9/05/11,0
10/05/11,243
11/05/11,263
12/05/11,649
13/05/11,405
14/05/11,699
15/05/11,630
16/05/11,0
17/05/11,416
18/05/11,285
19/05/11,395
20/05/11,303
21/05/11,3692
22/05/11,370
23/05/11,0
24/05/11,190
25/05/11,415
26/05/11,257
27/05/11,251
28/05/11,374
29/05/11,404
30/05/11,0
31/05/11,315
1/06/11,308
2/06/11,452
3/06/11,368
4/06/11,524
5/06/11,2444
6/06/11,0
7/06/11,278
8/06/11,301
9/06/11,304
10/06/11,265
11/06/11,390
12/06/11,368
13/06/11,0
14/06/11,414
15/06/11,290
16/06/11,643
17/06/11,407
18/06/11,306
19/06/11,410
20/06/11,0
21/06/11,236
22/06/11,377
23/06/11,383
24/06/11,416
25/06/11,351
26/06/11,472
27/06/11,0
28/06/11,632
29/06/11,354
30/06/11,1038
1/07/11,314
2/07/11,336
3/07/11,2011
4/07/11,0
5/07/11,271
6/07/11,240
7/07/11,559
8/07/11,261
9/07/11,379
10/07/11,298
11/07/11,0
12/07/11,345
13/07/11,326
14/07/11,515
15/07/11,329
16/07/11,579
17/07/11,460
18/07/11,0
19/07/11,357
20/07/11,302
21/07/11,473
22/07/11,356
23/07/11,455
24/07/11,419
25/07/11,0
26/07/11,335
27/07/11,328
28/07/11,474
29/07/11,327
30/07/11,424
31/07/11,419
1/08/11,0
2/08/11,335
3/08/11,286
4/08/11,560
5/08/11,345
6/08/11,451
7/08/11,2200
8/08/11,0
9/08/11,341
10/08/11,370
11/08/11,524
12/08/11,402
13/08/11,376
14/08/11,378
15/08/11,0
16/08/11,354
17/08/11,398
18/08/11,1239
19/08/11,426
20/08/11,411
21/08/11,473
22/08/11,0
23/08/11,395
24/08/11,362
25/08/11,685
26/08/11,523
27/08/11,456
28/08/11,451
29/08/11,0
30/08/11,287
31/08/11,261
1/09/11,488
2/09/11,477
3/09/11,445
4/09/11,2205
5/09/11,0
6/09/11,282
7/09/11,252
8/09/11,707
9/09/11,579
10/09/11,752
11/09/11,956
12/09/11,0
13/09/11,162
14/09/11,273
15/09/11,348
16/09/11,405
17/09/11,1455
18/09/11,360
19/09/11,0
20/09/11,218
21/09/11,224
22/09/11,275
23/09/11,348
24/09/11,441
25/09/11,350
26/09/11,0
27/09/11,235
28/09/11,153
29/09/11,201
30/09/11,376
1/10/11,213
2/10/11,1634
3/10/11,0
4/10/11,158
5/10/11,222
6/10/11,196
7/10/11,349
8/10/11,184
9/10/11,259
10/10/11,0
11/10/11,194
12/10/11,188
13/10/11,238
14/10/11,365
15/10/11,248
16/10/11,255
17/10/11,0
18/10/11,238
19/10/11,144
20/10/11,673
21/10/11,603
22/10/11,529
23/10/11,1865
24/10/11,0
25/10/11,423
26/10/11,527
27/10/11,1343
28/10/11,593
29/10/11,579
30/10/11,583
31/10/11,0
1/11/11,311
2/11/11,445
3/11/11,422
4/11/11,628
5/11/11,741
6/11/11,2865
7/11/11,0
8/11/11,337
9/11/11,402
10/11/11,485
11/11/11,1124
12/11/11,1546
13/11/11,953
14/11/11,0
15/11/11,310
16/11/11,442
17/11/11,358
18/11/11,664
19/11/11,758
20/11/11,1134
21/11/11,0
22/11/11,542
23/11/11,605
24/11/11,0
25/11/11,1061
26/11/11,1128
27/11/11,723
28/11/11,0
29/11/11,350
30/11/11,281
1/12/11,263
2/12/11,466
3/12/11,1277
4/12/11,2472
5/12/11,0
6/12/11,369
7/12/11,385
8/12/11,379
9/12/11,509
10/12/11,558
11/12/11,550
12/12/11,0
13/12/11,296
14/12/11,366
15/12/11,301
16/12/11,389
17/12/11,532
18/12/11,512
19/12/11,0
20/12/11,488
21/12/11,447
22/12/11,489
23/12/11,560
24/12/11,512
25/12/11,0
26/12/11,0
27/12/11,1182
28/12/11,978
29/12/11,1105
30/12/11,981
31/12/11,1402
1/01/12,0
2/01/12,0
3/01/12,413
4/01/12,392
5/01/12,536
6/01/12,528
7/01/12,962
8/01/12,2114
9/01/12,0
10/01/12,301
11/01/12,374
12/01/12,403
13/01/12,446
14/01/12,974
15/01/12,843
16/01/12,0
17/01/12,308
18/01/12,405
19/01/12,687
20/01/12,539
21/01/12,1106
22/01/12,617
23/01/12,0
24/01/12,362
25/01/12,319
26/01/12,545
27/01/12,599
28/01/12,812
29/01/12,659
30/01/12,0
31/01/12,323
1/02/12,390
2/02/12,500
3/02/12,599
4/02/12,632
5/02/12,3364
6/02/12,0
7/02/12,426
8/02/12,344
9/02/12,453
10/02/12,649
11/02/12,775
12/02/12,2222
13/02/12,0
14/02/12,448
15/02/12,334
16/02/12,1320
17/02/12,805
18/02/12,1088
19/02/12,1286
20/02/12,0
21/02/12,433
22/02/12,382
23/02/12,602
24/02/12,623
25/02/12,1142
26/02/12,964
27/02/12,0
28/02/12,401
29/02/12,406
1/03/12,580
2/03/12,625
3/03/12,717
4/03/12,3171
5/03/12,0
6/03/12,392
7/03/12,374
8/03/12,486
9/03/12,594
10/03/12,1030
11/03/12,1086
12/03/12,0
13/03/12,436
14/03/12,515
15/03/12,746
16/03/12,990
17/03/12,905
18/03/12,1546
19/03/12,0
20/03/12,631
21/03/12,431
22/03/12,921
23/03/12,792
24/03/12,1264
25/03/12,1252
26/03/12,0
27/03/12,661
28/03/12,687
29/03/12,1354
30/03/12,871
31/03/12,1526
1/04/12,3485
2/04/12,0
3/04/12,822
4/04/12,834
5/04/12,1557
6/04/12,1173
7/04/12,1614
8/04/12,1551
9/04/12,0
10/04/12,342
11/04/12,325
12/04/12,336
13/04/12,456
14/04/12,370
15/04/12,386
16/04/12,0
17/04/12,181
18/04/12,219
19/04/12,456
20/04/12,418
21/04/12,280
22/04/12,288
23/04/12,0
24/04/12,151
25/04/12,229
26/04/12,231
27/04/12,311
28/04/12,202
29/04/12,211
30/04/12,0
1/05/12,157
2/05/12,119
3/05/12,334
4/05/12,204
5/05/12,283
6/05/12,2372
7/05/12,0
8/05/12,149
9/05/12,195
10/05/12,264
11/05/12,231
12/05/12,382
13/05/12,279
14/05/12,0
15/05/12,183
16/05/12,200
17/05/12,1559
18/05/12,378
19/05/12,4761
20/05/12,318
21/05/12,0
22/05/12,337
23/05/12,281
24/05/12,398
25/05/12,313
26/05/12,398
27/05/12,539
28/05/12,0
29/05/12,304
30/05/12,290
31/05/12,336
1/06/12,306
2/06/12,372
3/06/12,2208
4/06/12,0
5/06/12,256
6/06/12,235
7/06/12,348
8/06/12,289
9/06/12,331
10/06/12,472
11/06/12,0
12/06/12,248
13/06/12,346
14/06/12,375
15/06/12,229
16/06/12,531
17/06/12,412
18/06/12,0
19/06/12,276
20/06/12,272
21/06/12,431
22/06/12,302
23/06/12,330
24/06/12,366
25/06/12,0
26/06/12,416
27/06/12,297
28/06/12,807
29/06/12,424
30/06/12,462
1/07/12,2683
2/07/12,0
3/07/12,345
4/07/12,289
5/07/12,478
6/07/12,352
7/07/12,515
8/07/12,432
9/07/12,0
10/07/12,312
11/07/12,238
12/07/12,473
13/07/12,413
14/07/12,395
15/07/12,534
16/07/12,0
17/07/12,362
18/07/12,370
19/07/12,421
20/07/12,378
21/07/12,448
22/07/12,431
23/07/12,28
24/07/12,367
25/07/12,369
26/07/12,1121
27/07/12,372
28/07/12,398
29/07/12,390
30/07/12,0
31/07/12,321
1/08/12,328
2/08/12,418
3/08/12,417
4/08/12,444
5/08/12,2584
6/08/12,0
7/08/12,310
8/08/12,306
9/08/12,754
10/08/12,324
11/08/12,414
12/08/12,347
13/08/12,0
14/08/12,449
15/08/12,422
16/08/12,580
17/08/12,394
18/08/12,472
19/08/12,473
20/08/12,0
21/08/12,346
22/08/12,384
23/08/12,669
24/08/12,473
25/08/12,414
26/08/12,389
27/08/12,0
28/08/12,269
29/08/12,293
30/08/12,544
31/08/12,576
1/09/12,581
2/09/12,3010
3/09/12,0
4/09/12,166
5/09/12,191
6/09/12,268
7/09/12,368
8/09/12,251
9/09/12,194
10/09/12,0
11/09/12,185
12/09/12,243
13/09/12,327
14/09/12,418
15/09/12,183
16/09/12,198
17/09/12,0
18/09/12,219
19/09/12,162
20/09/12,183
21/09/12,359
22/09/12,223
23/09/12,2268
24/09/12,0
25/09/12,191
26/09/12,188
27/09/12,291
28/09/12,402
29/09/12,357
30/09/12,290
1/10/12,0
2/10/12,187
3/10/12,158
4/10/12,499
5/10/12,467
6/10/12,393
7/10/12,1787
8/10/12,0
9/10/12,205
10/10/12,233
11/10/12,305
12/10/12,488
13/10/12,516
14/10/12,367
15/10/12,0
16/10/12,309
17/10/12,182
18/10/12,267
19/10/12,442
20/10/12,477
21/10/12,503
22/10/12,0
23/10/12,257
24/10/12,277
25/10/12,227
26/10/12,458
27/10/12,386
28/10/12,483
29/10/12,0
30/10/12,300
31/10/12,0
1/11/12,256
2/11/12,455
3/11/12,536
4/11/12,2438
5/11/12,0
6/11/12,201
7/11/12,234
8/11/12,244
9/11/12,552
10/11/12,839
11/11/12,419
12/11/12,0
13/11/12,217
14/11/12,231
15/11/12,271
16/11/12,555
17/11/12,550
18/11/12,727
19/11/12,0
20/11/12,284
21/11/12,363
22/11/12,0
23/11/12,453
24/11/12,455
25/11/12,301
26/11/12,0
27/11/12,207
28/11/12,302
29/11/12,178
30/11/12,366
1/12/12,418
2/12/12,1780
3/12/12,0
4/12/12,287
5/12/12,235
6/12/12,204
7/12/12,439
8/12/12,357
9/12/12,426
10/12/12,0
11/12/12,243
12/12/12,208
13/12/12,241
14/12/12,264
15/12/12,485
16/12/12,378
17/12/12,0
18/12/12,228
19/12/12,288
20/12/12,235
21/12/12,322
22/12/12,386
23/12/12,502
24/12/12,0
25/12/12,0
26/12/12,640
27/12/12,575
28/12/12,811
29/12/12,647
30/12/12,1317
31/12/12,0
1/01/13,0
2/01/13,468
3/01/13,432
4/01/13,436
5/01/13,781
6/01/13,3743
7/01/13,0
8/01/13,361
9/01/13,394
10/01/13,413
11/01/13,537
12/01/13,1078
13/01/13,929
14/01/13,0
15/01/13,162
16/01/13,137
17/01/13,213
18/01/13,203
19/01/13,409
20/01/13,232
21/01/13,0
22/01/13,145
23/01/13,205
24/01/13,179
25/01/13,392
26/01/13,365
27/01/13,298
28/01/13,0
29/01/13,188
30/01/13,202
31/01/13,122
1/02/13,351
2/02/13,406
3/02/13,1904
4/02/13,0
5/02/13,161
6/02/13,172
7/02/13,195
8/02/13,395
9/02/13,392
10/02/13,262
11/02/13,0
12/02/13,131
13/02/13,163
14/02/13,160
15/02/13,421
16/02/13,371
17/02/13,376
18/02/13,0
19/02/13,265
20/02/13,191
21/02/13,1923
22/02/13,1655
23/02/13,2037
24/02/13,1797
25/02/13,0
26/02/13,1104
27/02/13,823
28/02/13,1482
1/03/13,1691
2/03/13,2894
3/03/13,5591
4/03/13,0
5/03/13,1056
6/03/13,1070
7/03/13,2115
8/03/13,1518
9/03/13,3062
10/03/13,2700
11/03/13,0
12/03/13,1211
13/03/13,1191
14/03/13,1734
15/03/13,1765
16/03/13,2615
17/03/13,2640
18/03/13,0
19/03/13,1501
20/03/13,1600
21/03/13,4136
22/03/13,1834
23/03/13,3098
24/03/13,3182
25/03/13,0
26/03/13,2217
27/03/13,2206
28/03/13,3165
29/03/13,2874
30/03/13,3450
31/03/13,2874
1/04/13,0
2/04/13,2509
3/04/13,2027
4/04/13,3419
5/04/13,2688
6/04/13,3412
7/04/13,5354
8/04/13,0
9/04/13,1850
10/04/13,1389
11/04/13,2176
12/04/13,1927
13/04/13,3139
14/04/13,2802
15/04/13,0
16/04/13,1539
17/04/13,1577
18/04/13,2663
19/04/13,1819
20/04/13,3303
21/04/13,2860
22/04/13,0
23/04/13,1468
24/04/13,1270
25/04/13,2288
26/04/13,1740
27/04/13,3097
28/04/13,2863
29/04/13,0
30/04/13,1269
1/05/13,1091
2/05/13,2360
3/05/13,1700
4/05/13,3548
5/05/13,6113
6/05/13,0
7/05/13,1538
8/05/13,1610
9/05/13,3235
10/05/13,1910
11/05/13,4114
12/05/13,5167
13/05/13,0
14/05/13,1803
15/05/13,1813
16/05/13,3623
17/05/13,2241
18/05/13,5526
19/05/13,3894
20/05/13,16
21/05/13,2563
22/05/13,2494
23/05/13,5059
24/05/13,3620
25/05/13,5007
26/05/13,4578
27/05/13,5240
28/05/13,202
29/05/13,212
30/05/13,584
31/05/13,162
1/06/13,242
2/06/13,1544
3/06/13,0
4/06/13,253
5/06/13,281
6/06/13,317
7/06/13,264
8/06/13,379
9/06/13,472
10/06/13,0
11/06/13,191
12/06/13,252
13/06/13,313
14/06/13,260
15/06/13,296
16/06/13,294
17/06/13,0
18/06/13,353
19/06/13,277
20/06/13,399
21/06/13,263
22/06/13,240
23/06/13,435
24/06/13,0
25/06/13,487
26/06/13,276
27/06/13,432
28/06/13,503
29/06/13,455
30/06/13,347
1/07/13,0
2/07/13,384
3/07/13,383
4/07/13,436
5/07/13,575
6/07/13,701
7/07/13,2665
8/07/13,0
9/07/13,463
10/07/13,409
11/07/13,811
12/07/13,554
13/07/13,805
14/07/13,677
15/07/13,0
16/07/13,446
17/07/13,533
18/07/13,797
19/07/13,507
20/07/13,692
21/07/13,662
22/07/13,0
23/07/13,510
24/07/13,474
25/07/13,723
26/07/13,580
27/07/13,733
28/07/13,614
29/07/13,0
30/07/13,600
31/07/13,543
1/08/13,741
2/08/13,585
3/08/13,664
4/08/13,3097
5/08/13,0
6/08/13,592
7/08/13,549
8/08/13,957
9/08/13,1088
10/08/13,1064
11/08/13,1374
12/08/13,0
13/08/13,664
14/08/13,663
15/08/13,1171
16/08/13,780
17/08/13,1111
18/08/13,1012
19/08/13,0
20/08/13,711
21/08/13,569
22/08/13,927
23/08/13,794
24/08/13,907
25/08/13,903
26/08/13,0
27/08/13,603
28/08/13,480
29/08/13,727
30/08/13,682
31/08/13,1034
1/09/13,3964
2/09/13,0
3/09/13,464
4/09/13,489
5/09/13,897
6/09/13,750
7/09/13,1240
8/09/13,1214
9/09/13,0
10/09/13,560
11/09/13,590
12/09/13,1207
13/09/13,907
14/09/13,1341
15/09/13,1428
16/09/13,0
17/09/13,943
18/09/13,770
19/09/13,966
20/09/13,1230
21/09/13,1840
22/09/13,2200
23/09/13,0
24/09/13,266
25/09/13,183
26/09/13,445
27/09/13,356
28/09/13,401
29/09/13,298
30/09/13,0
1/10/13,199
2/10/13,262
3/10/13,210
4/10/13,409
5/10/13,392
6/10/13,2349
7/10/13,0
8/10/13,207
9/10/13,202
10/10/13,271
11/10/13,458
12/10/13,310
13/10/13,478
14/10/13,0
15/10/13,224
16/10/13,177
17/10/13,244
18/10/13,352
19/10/13,316
20/10/13,330
21/10/13,0
22/10/13,228
23/10/13,249
24/10/13,247
25/10/13,512
26/10/13,433
27/10/13,407
28/10/13,0
29/10/13,236
30/10/13,218
31/10/13,202
1/11/13,408
2/11/13,464
3/11/13,2190
4/11/13,0
5/11/13,234
6/11/13,210
7/11/13,286
8/11/13,458
9/11/13,859
10/11/13,465
11/11/13,0
12/11/13,204
13/11/13,215
14/11/13,674
15/11/13,587
16/11/13,732
17/11/13,2915
18/11/13,0
19/11/13,220
20/11/13,228
21/11/13,297
22/11/13,376
23/11/13,335
24/11/13,409
25/11/13,0
26/11/13,373
27/11/13,389
28/11/13,0
29/11/13,462
30/11/13,484
1/12/13,1941
2/12/13,0
3/12/13,231
4/12/13,260
5/12/13,179
6/12/13,386
7/12/13,436
8/12/13,347
9/12/13,0
10/12/13,220
11/12/13,242
12/12/13,239
13/12/13,241
14/12/13,398
15/12/13,321
16/12/13,0
17/12/13,258
18/12/13,251
19/12/13,240
20/12/13,262
21/12/13,344
22/12/13,452
23/12/13,0
24/12/13,378
25/12/13,0
26/12/13,580
27/12/13,708
28/12/13,598
29/12/13,717
30/12/13,0
31/12/13,1288
1/01/14,0
2/01/14,546
3/01/14,543
4/01/14,661
5/01/14,2579
6/01/14,0
7/01/14,408
8/01/14,371
9/01/14,413
10/01/14,469
11/01/14,1192
12/01/14,633
13/01/14,0
14/01/14,202
15/01/14,119
16/01/14,147
17/01/14,235
18/01/14,261
19/01/14,334
20/01/14,0
21/01/14,199
22/01/14,207
23/01/14,144
24/01/14,446
25/01/14,332
26/01/14,297
27/01/14,0
28/01/14,176
29/01/14,163
30/01/14,202
31/01/14,365
1/02/14,384
2/02/14,2207
3/02/14,0
4/02/14,163
5/02/14,163
6/02/14,665
7/02/14,423
8/02/14,546
9/02/14,1061
10/02/14,0
11/02/14,194
12/02/14,195
13/02/14,301
14/02/14,460
15/02/14,492
16/02/14,553
17/02/14,0
18/02/14,229
19/02/14,204
20/02/14,747
21/02/14,2148
22/02/14,1366
23/02/14,796
24/02/14,0
25/02/14,423
26/02/14,425
27/02/14,697
28/02/14,763
1/03/14,1149
2/03/14,3153
3/03/14,0
4/03/14,500
5/03/14,457
6/03/14,1096
7/03/14,718
8/03/14,1252
9/03/14,1526
10/03/14,0
11/03/14,562
12/03/14,389
13/03/14,600
14/03/14,730
15/03/14,962
16/03/14,995
17/03/14,110
18/03/14,671
19/03/14,589
20/03/14,1379
21/03/14,840
22/03/14,1225
23/03/14,1112
24/03/14,0
25/03/14,677
26/03/14,688
27/03/14,904
28/03/14,908
29/03/14,1462
30/03/14,1124
31/03/14,0
1/04/14,598
2/04/14,502
3/04/14,1233
4/04/14,799
5/04/14,926
6/04/14,2998
7/04/14,0
8/04/14,477
9/04/14,442
10/04/14,1388
11/04/14,713
12/04/14,1032
13/04/14,896
14/04/14,0
15/04/14,624
16/04/14,536
17/04/14,1089
18/04/14,1048
19/04/14,876
20/04/14,720
21/04/14,0
22/04/14,541
23/04/14,480
24/04/14,929
25/04/14,822
26/04/14,911
27/04/14,997
28/04/14,0
29/04/14,385
30/04/14,403
1/05/14,864
2/05/14,639
3/05/14,976
4/05/14,3776
5/05/14,0
6/05/14,482
7/05/14,408
8/05/14,1122
9/05/14,643
10/05/14,1063
11/05/14,1184
12/05/14,0
13/05/14,518
14/05/14,558
15/05/14,960
16/05/14,711
17/05/14,4002
18/05/14,1005
19/05/14,0
20/05/14,768
21/05/14,608
22/05/14,1588
23/05/14,1114
24/05/14,1704
25/05/14,1865
26/05/14,0
27/05/14,291
28/05/14,252
29/05/14,322
30/05/14,265
31/05/14,326
1/06/14,1826
2/06/14,0
3/06/14,236
4/06/14,165
5/06/14,494
6/06/14,355
7/06/14,274
8/06/14,338
9/06/14,0
10/06/14,266
11/06/14,264
12/06/14,345
13/06/14,335
14/06/14,297
15/06/14,425
16/06/14,0
17/06/14,320
18/06/14,280
19/06/14,792
20/06/14,1305
21/06/14,576
22/06/14,631
23/06/14,0
24/06/14,539
25/06/14,563
26/06/14,717
27/06/14,506
28/06/14,634
29/06/14,529
30/06/14,0
1/07/14,457
2/07/14,440
3/07/14,688
4/07/14,360
5/07/14,568
6/07/14,2738
7/07/14,0
8/07/14,453
9/07/14,465
10/07/14,886
11/07/14,508
12/07/14,680
13/07/14,516
14/07/14,0
15/07/14,458
16/07/14,576
17/07/14,788
18/07/14,614
19/07/14,641
20/07/14,677
21/07/14,0
22/07/14,615
23/07/14,497
24/07/14,832
25/07/14,508
26/07/14,575
27/07/14,564
28/07/14,0
29/07/14,683
30/07/14,494
31/07/14,770
1/08/14,506
2/08/14,598
3/08/14,3175
4/08/14,0
5/08/14,611
6/08/14,459
7/08/14,1031
8/08/14,514
9/08/14,709
10/08/14,708
11/08/14,0
12/08/14,593
13/08/14,484
14/08/14,884
15/08/14,668
16/08/14,612
17/08/14,589
18/08/14,0
19/08/14,623
20/08/14,481
21/08/14,712
22/08/14,634
23/08/14,779
24/08/14,2130
25/08/14,0
26/08/14,390
27/08/14,361
28/08/14,757
29/08/14,604
30/08/14,636
31/08/14,632
1/09/14,0
2/09/14,342
3/09/14,320
4/09/14,1065
5/09/14,618
6/09/14,687
7/09/14,2188
8/09/14,0
9/09/14,415
10/09/14,424
11/09/14,1058
12/09/14,676
13/09/14,746
14/09/14,842
15/09/14,0
16/09/14,232
17/09/14,237
18/09/14,294
19/09/14,474
20/09/14,332
21/09/14,382
22/09/14,0
23/09/14,221
24/09/14,186
25/09/14,284
26/09/14,455
27/09/14,333
28/09/14,354
29/09/14,0
30/09/14,175
1/10/14,133
2/10/14,188
3/10/14,403
4/10/14,307
5/10/14,2170
6/10/14,4
7/10/14,330
8/10/14,206
9/10/14,280
10/10/14,459
11/10/14,298
12/10/14,371
13/10/14,0
14/10/14,215
15/10/14,200
16/10/14,198
17/10/14,384
18/10/14,504
19/10/14,433
20/10/14,0
21/10/14,220
22/10/14,234
23/10/14,580
24/10/14,691
25/10/14,983
26/10/14,571
27/10/14,0
28/10/14,428
29/10/14,321
30/10/14,392
31/10/14,0
1/11/14,711
2/11/14,1945
3/11/14,0
4/11/14,360
5/11/14,331
6/11/14,423
7/11/14,612
8/11/14,1140
9/11/14,1394
10/11/14,0
11/11/14,585
12/11/14,436
13/11/14,446
14/11/14,667
15/11/14,878
16/11/14,958
17/11/14,0
18/11/14,307
19/11/14,420
20/11/14,335
21/11/14,527
22/11/14,827
23/11/14,867
24/11/14,0
25/11/14,572
26/11/14,510
27/11/14,0
28/11/14,761
29/11/14,1029
30/11/14,864
1/12/14,0
2/12/14,284
3/12/14,255
4/12/14,290
5/12/14,524
6/12/14,665
7/12/14,2350
8/12/14,0
9/12/14,320
10/12/14,307
11/12/14,230
12/12/14,324
13/12/14,628
14/12/14,635
15/12/14,0
16/12/14,310
17/12/14,380
18/12/14,380
19/12/14,458
20/12/14,633
21/12/14,745
22/12/14,0
23/12/14,739
24/12/14,579
25/12/14,0
26/12/14,882
27/12/14,1200
28/12/14,1201
29/12/14,0
30/12/14,1496
31/12/14,1485
1/01/15,0
2/01/15,1200
3/01/15,1055
4/01/15,3764
5/01/15,0
6/01/15,591
7/01/15,557
8/01/15,652
9/01/15,878
10/01/15,1403
11/01/15,1205
12/01/15,0
13/01/15,579
14/01/15,621
15/01/15,700
16/01/15,854
17/01/15,1605
18/01/15,1646
19/01/15,0
20/01/15,183
21/01/15,194
22/01/15,200
23/01/15,371
24/01/15,455
25/01/15,258
26/01/15,0
27/01/15,165
28/01/15,209
29/01/15,174
30/01/15,378
31/01/15,387
1/02/15,2019
2/02/15,0
3/02/15,156
4/02/15,157
5/02/15,215
6/02/15,333
7/02/15,424
8/02/15,1594
9/02/15,0
10/02/15,182
11/02/15,170
12/02/15,231
13/02/15,334
14/02/15,462
15/02/15,483
16/02/15,0
17/02/15,246
18/02/15,264
19/02/15,3181
20/02/15,679
21/02/15,765
22/02/15,713
23/02/15,0
24/02/15,384
25/02/15,409
26/02/15,729
27/02/15,578
28/02/15,990
1/03/15,3624
2/03/15,70
3/03/15,362
4/03/15,542
5/03/15,1433
6/03/15,678
7/03/15,915
8/03/15,1052
9/03/15,0
10/03/15,381
11/03/15,424
12/03/15,524
13/03/15,1082
14/03/15,1070
15/03/15,753
16/03/15,0
17/03/15,442
18/03/15,445
19/03/15,814
20/03/15,655
21/03/15,679
22/03/15,799
23/03/15,0
24/03/15,573
25/03/15,551
26/03/15,579
27/03/15,662
28/03/15,730
29/03/15,618
30/03/15,0
31/03/15,628
1/04/15,466
2/04/15,848
3/04/15,736
4/04/15,595
5/04/15,3526
6/04/15,0
7/04/15,441
8/04/15,481
9/04/15,869
10/04/15,586
11/04/15,875
12/04/15,589
13/04/15,0
14/04/15,326
15/04/15,448
16/04/15,947
17/04/15,527
18/04/15,712
19/04/15,856
20/04/15,0
21/04/15,407
22/04/15,414
23/04/15,697
24/04/15,746
25/04/15,729
26/04/15,668
27/04/15,0
28/04/15,474
29/04/15,472
30/04/15,717
1/05/15,591
2/05/15,880
3/05/15,3675
4/05/15,0
5/05/15,515
6/05/15,513
7/05/15,1204
8/05/15,781
9/05/15,1077
10/05/15,1385
11/05/15,0
12/05/15,216
13/05/15,253
14/05/15,553
15/05/15,275
16/05/15,2382
17/05/15,312
18/05/15,0
19/05/15,253
20/05/15,251
21/05/15,453
22/05/15,239
23/05/15,407
24/05/15,518
25/05/15,0
26/05/15,213
27/05/15,189
28/05/15,696
29/05/15,243
30/05/15,385
31/05/15,289
1/06/15,0
2/06/15,207
3/06/15,138
4/06/15,631
5/06/15,317
6/06/15,481
7/06/15,1982
8/06/15,0
9/06/15,336
10/06/15,350
11/06/15,546
12/06/15,394
13/06/15,529
14/06/15,539
15/06/15,0
16/06/15,453
17/06/15,313
18/06/15,621
19/06/15,380
20/06/15,540
21/06/15,557
22/06/15,0
23/06/15,405
24/06/15,324
25/06/15,736
26/06/15,478
27/06/15,601
28/06/15,485
29/06/15,0
30/06/15,429
1/07/15,366
2/07/15,1008
3/07/15,520
4/07/15,356
5/07/15,2650
6/07/15,0
7/07/15,416
8/07/15,356
9/07/15,744
10/07/15,466
11/07/15,758
12/07/15,678
13/07/15,0
14/07/15,448
15/07/15,400
16/07/15,584
17/07/15,465
18/07/15,642
19/07/15,560
20/07/15,0
21/07/15,399
22/07/15,452
23/07/15,951
24/07/15,390
25/07/15,579
26/07/15,550
27/07/15,0
28/07/15,395
29/07/15,426
30/07/15,700
31/07/15,374
1/08/15,792
2/08/15,3359
3/08/15,0
4/08/15,517
5/08/15,471
6/08/15,1053
7/08/15,526
8/08/15,710
9/08/15,737
10/08/15,0
11/08/15,628
12/08/15,470
13/08/15,1326
14/08/15,662
15/08/15,876
16/08/15,904
17/08/15,0
18/08/15,323
19/08/15,290
20/08/15,514
21/08/15,418
22/08/15,369
23/08/15,321
24/08/15,0
25/08/15,295
26/08/15,251
27/08/15,471
28/08/15,352
29/08/15,376
30/08/15,242
31/08/15,0
1/09/15,167
2/09/15,154
3/09/15,662
4/09/15,374
5/09/15,391
6/09/15,3203
7/09/15,0
8/09/15,250
9/09/15,182
10/09/15,436
11/09/15,341
12/09/15,421
13/09/15,317
14/09/15,0
15/09/15,234
16/09/15,207
17/09/15,326
18/09/15,353
19/09/15,345
20/09/15,2441
21/09/15,0
22/09/15,233
23/09/15,226
24/09/15,449
25/09/15,456
26/09/15,473
27/09/15,498
28/09/15,0
29/09/15,382
30/09/15,314
1/10/15,524
2/10/15,387
3/10/15,484
4/10/15,2892
5/10/15,0
6/10/15,320
7/10/15,247
8/10/15,784
9/10/15,426
10/10/15,387
11/10/15,619
12/10/15,0
13/10/15,229
14/10/15,186
15/10/15,202
16/10/15,341
17/10/15,383
18/10/15,291
19/10/15,0
20/10/15,216
21/10/15,190
22/10/15,261
23/10/15,344
24/10/15,329
25/10/15,350
26/10/15,0
27/10/15,247
28/10/15,268
29/10/15,452
30/10/15,582
31/10/15,507
1/11/15,3146
2/11/15,0
3/11/15,429
4/11/15,438
5/11/15,376
6/11/15,1399
7/11/15,1680
8/11/15,1026
9/11/15,0
10/11/15,460
11/11/15,819
12/11/15,446
13/11/15,695
14/11/15,1105
15/11/15,925
16/11/15,0
17/11/15,520
18/11/15,417
19/11/15,526
20/11/15,672
21/11/15,687
22/11/15,774
23/11/15,0
24/11/15,734
25/11/15,696
26/11/15,0
27/11/15,994
28/11/15,1101
29/11/15,640
30/11/15,0
1/12/15,350
2/12/15,387
3/12/15,413
4/12/15,721
5/12/15,760
6/12/15,3131
7/12/15,0
8/12/15,486
9/12/15,393
10/12/15,448
11/12/15,508
12/12/15,633
13/12/15,769
14/12/15,0
15/12/15,462
16/12/15,395
17/12/15,529
18/12/15,507
19/12/15,628
20/12/15,931
21/12/15,0
22/12/15,1012
23/12/15,767
24/12/15,646
25/12/15,0
26/12/15,1115
27/12/15,1450
28/12/15,0
29/12/15,1643
30/12/15,1515
31/12/15,1983
1/01/16,0
2/01/16,1356
3/01/16,4097
4/01/16,0
5/01/16,719
6/01/16,586
7/01/16,629
8/01/16,820
9/01/16,1326
10/01/16,1740
11/01/16,0
12/01/16,757
13/01/16,677
14/01/16,794
15/01/16,752
16/01/16,1745
17/01/16,2085
18/01/16,0
19/01/16,605
20/01/16,762
21/01/16,742
22/01/16,1011
23/01/16,1475
24/01/16,1739
25/01/16,0
26/01/16,782
27/01/16,824
28/01/16,870
29/01/16,1153
30/01/16,1524
31/01/16,3193
1/02/16,0
2/02/16,797
3/02/16,1028
4/02/16,817
5/02/16,1123
6/02/16,1373
7/02/16,2492
8/02/16,0
9/02/16,160
10/02/16,174
11/02/16,198
12/02/16,372
13/02/16,491
14/02/16,466
15/02/16,0
16/02/16,245
17/02/16,229
18/02/16,302
19/02/16,438
20/02/16,840
21/02/16,334
22/02/16,0
23/02/16,215
24/02/16,173
25/02/16,183
26/02/16,384
27/02/16,436
28/02/16,315
29/02/16,0
1/03/16,168
2/03/16,213
3/03/16,1907
4/03/16,444
5/03/16,2821
6/03/16,4051
7/03/16,0
8/03/16,274
9/03/16,274
10/03/16,323
11/03/16,528
12/03/16,671
13/03/16,724
14/03/16,0
15/03/16,270
16/03/16,281
17/03/16,664
18/03/16,400
19/03/16,580
20/03/16,674
21/03/16,0
22/03/16,321
23/03/16,389
24/03/16,541
25/03/16,449
26/03/16,482
27/03/16,312
28/03/16,0
29/03/16,396
30/03/16,373
31/03/16,587
1/04/16,543
2/04/16,493
3/04/16,2392
4/04/16,0
5/04/16,243
6/04/16,298
7/04/16,677
8/04/16,465
9/04/16,685
10/04/16,563
11/04/16,0
12/04/16,250
13/04/16,199
14/04/16,743
15/04/16,368
16/04/16,399
17/04/16,414
18/04/16,0
19/04/16,250
20/04/16,249
21/04/16,413
22/04/16,422
23/04/16,524
24/04/16,427
25/04/16,0
26/04/16,248
27/04/16,320
28/04/16,1137
29/04/16,431
30/04/16,482
1/05/16,2000
2/05/16,0
3/05/16,308
4/05/16,368
5/05/16,666
6/05/16,477
7/05/16,953
8/05/16,735
9/05/16,0
10/05/16,193
11/05/16,194
12/05/16,590
13/05/16,305
14/05/16,387
15/05/16,301
16/05/16,0
17/05/16,215
18/05/16,224
19/05/16,494
20/05/16,229
21/05/16,470
22/05/16,334
23/05/16,0
24/05/16,221
25/05/16,184
26/05/16,517
27/05/16,229
28/05/16,314
29/05/16,438
30/05/16,0
31/05/16,202
1/06/16,204
2/06/16,450
3/06/16,195
4/06/16,246
5/06/16,1980
6/06/16,0
7/06/16,217
8/06/16,184
9/06/16,463
10/06/16,226
11/06/16,645
12/06/16,344
13/06/16,0
14/06/16,302
15/06/16,287
16/06/16,859
17/06/16,827
18/06/16,1038
19/06/16,1033
20/06/16,0
21/06/16,542
22/06/16,593
23/06/16,1315
24/06/16,598
25/06/16,738
26/06/16,466
27/06/16,0
28/06/16,653
29/06/16,569
30/06/16,962
1/07/16,545
2/07/16,1340
3/07/16,3615
4/07/16,0
5/07/16,616
6/07/16,516
7/07/16,1436
8/07/16,645
9/07/16,1057
10/07/16,922
11/07/16,0
12/07/16,687
13/07/16,563
14/07/16,1229
15/07/16,573
16/07/16,1207
17/07/16,1252
18/07/16,0
19/07/16,566
20/07/16,697
21/07/16,1555
22/07/16,1406
23/07/16,1765
24/07/16,1190
25/07/16,0
26/07/16,762
27/07/16,653
28/07/16,1279
29/07/16,633
30/07/16,989
31/07/16,905
1/08/16,0
2/08/16,743
3/08/16,621
4/08/16,1493
5/08/16,686
6/08/16,1159
7/08/16,4571
8/08/16,0
9/08/16,694
10/08/16,680
11/08/16,1356
12/08/16,630
13/08/16,991
14/08/16,1065
15/08/16,0
16/08/16,666
17/08/16,619
18/08/16,1628
19/08/16,764
20/08/16,1054
21/08/16,1201
22/08/16,0
23/08/16,641
24/08/16,624
25/08/16,1322
26/08/16,855
27/08/16,1227
28/08/16,1165
29/08/16,0
30/08/16,623
31/08/16,585
1/09/16,1195
2/09/16,744
3/09/16,1511
4/09/16,4090
5/09/16,0
6/09/16,524
7/09/16,592
8/09/16,1725
9/09/16,867
10/09/16,1672
11/09/16,2036
12/09/16,0
13/09/16,866
14/09/16,859
15/09/16,1597
16/09/16,1233
17/09/16,2031
18/09/16,2255
19/09/16,0
20/09/16,163
21/09/16,213
22/09/16,439
23/09/16,354
24/09/16,97
25/09/16,1634
26/09/16,0
27/09/16,228
28/09/16,230
29/09/16,746
30/09/16,344
1/10/16,306
2/10/16,2290
3/10/16,0
4/10/16,182
5/10/16,177
6/10/16,154
7/10/16,315
8/10/16,367
9/10/16,338
10/10/16,0
11/10/16,268
12/10/16,237
13/10/16,245
14/10/16,456
15/10/16,464
16/10/16,514
17/10/16,0
18/10/16,189
19/10/16,156
20/10/16,331
21/10/16,463
22/10/16,516
23/10/16,2351
24/10/16,0
25/10/16,372
26/10/16,274
27/10/16,316
28/10/16,401
29/10/16,551
30/10/16,614
31/10/16,0
1/11/16,286
2/11/16,259
3/11/16,558
4/11/16,392
5/11/16,620
6/11/16,2737
7/11/16,0
8/11/16,275
9/11/16,277
10/11/16,308
11/11/16,636
12/11/16,765
13/11/16,626
14/11/16,0
15/11/16,276
16/11/16,279
17/11/16,327
18/11/16,380
19/11/16,973
20/11/16,780
21/11/16,0
22/11/16,433
23/11/16,593
24/11/16,0
25/11/16,855
26/11/16,1181
27/11/16,713
28/11/16,0
29/11/16,293
30/11/16,296
1/12/16,272
2/12/16,398
3/12/16,687
4/12/16,2227
5/12/16,0
6/12/16,288
7/12/16,315
8/12/16,266
9/12/16,303
10/12/16,647
11/12/16,624
12/12/16,0
13/12/16,278
14/12/16,298
15/12/16,345
16/12/16,257
17/12/16,563
18/12/16,604
19/12/16,0
20/12/16,518
21/12/16,499
22/12/16,515
23/12/16,783
24/12/16,607
25/12/16,2
26/12/16,0
27/12/16,1057
28/12/16,1105
29/12/16,1005
30/12/16,1059
31/12/16,1883
1/01/17,0
2/01/17,0
3/01/17,580
4/01/17,534
5/01/17,537
6/01/17,529
7/01/17,1286
8/01/17,2621
9/01/17,0
10/01/17,397
11/01/17,584
12/01/17,566
13/01/17,816
14/01/17,1669
15/01/17,2510
16/01/17,0
17/01/17,226
18/01/17,255
19/01/17,142
20/01/17,380
21/01/17,959
22/01/17,469
23/01/17,0
24/01/17,197
25/01/17,269
26/01/17,234
27/01/17,422
28/01/17,530
29/01/17,1965
30/01/17,0
31/01/17,173
1/02/17,231
2/02/17,191
3/02/17,395
4/02/17,617
5/02/17,2953
6/02/17,0
7/02/17,260
8/02/17,247
9/02/17,207
10/02/17,324
11/02/17,395
12/02/17,517
13/02/17,0
14/02/17,183
15/02/17,176
16/02/17,396
17/02/17,616
18/02/17,894
19/02/17,1457
20/02/17,0
21/02/17,448
22/02/17,382
23/02/17,726
24/02/17,1066
25/02/17,1581
26/02/17,707
27/02/17,0
28/02/17,296
1/03/17,283
2/03/17,259
3/03/17,458
4/03/17,768
5/03/17,3629
6/03/17,0
7/03/17,382
8/03/17,289
9/03/17,379
10/03/17,471
11/03/17,546
12/03/17,566
13/03/17,0
14/03/17,300
15/03/17,418
16/03/17,624
17/03/17,471
18/03/17,720
19/03/17,679
20/03/17,0
21/03/17,365
22/03/17,395
23/03/17,744
24/03/17,582
25/03/17,644
26/03/17,523
27/03/17,0
28/03/17,371
29/03/17,430
30/03/17,741
31/03/17,491
1/04/17,537
2/04/17,2887
3/04/17,0
4/04/17,370
5/04/17,372
6/04/17,706
7/04/17,455
8/04/17,690
9/04/17,513
10/04/17,0
11/04/17,415
12/04/17,655
13/04/17,833
14/04/17,571
15/04/17,627
16/04/17,713
17/04/17,0
18/04/17,332
19/04/17,360
20/04/17,573
21/04/17,368
22/04/17,689
23/04/17,629
24/04/17,0
25/04/17,296
26/04/17,308
27/04/17,479
28/04/17,463
29/04/17,541
30/04/17,592
1/05/17,3
2/05/17,202
3/05/17,296
4/05/17,345
5/05/17,288
6/05/17,599
7/05/17,2524
8/05/17,0
9/05/17,320
10/05/17,455
11/05/17,725
12/05/17,436
13/05/17,727
14/05/17,654
15/05/17,0
16/05/17,394
17/05/17,430
18/05/17,795
19/05/17,470
20/05/17,882
21/05/17,588
22/05/17,0
23/05/17,481
24/05/17,627
25/05/17,881
26/05/17,585
27/05/17,1062
28/05/17,1195
29/05/17,0
30/05/17,245
31/05/17,292
1/06/17,410
2/06/17,213
3/06/17,291
4/06/17,1430
5/06/17,0
6/06/17,254
7/06/17,249
8/06/17,397
9/06/17,230
10/06/17,357
11/06/17,387
12/06/17,0
13/06/17,230
14/06/17,326
15/06/17,363
16/06/17,245
17/06/17,305
18/06/17,454
19/06/17,0
20/06/17,235
21/06/17,283
22/06/17,617
23/06/17,458
24/06/17,353
25/06/17,275
26/06/17,0
27/06/17,362
28/06/17,347
29/06/17,596
30/06/17,415
1/07/17,476
2/07/17,3158
3/07/17,0
4/07/17,433
5/07/17,342
6/07/17,510
7/07/17,504
8/07/17,474
9/07/17,488
10/07/17,0
11/07/17,373
12/07/17,403
13/07/17,612
14/07/17,1077
15/07/17,1633
16/07/17,488
17/07/17,0
18/07/17,380
19/07/17,320
20/07/17,540
21/07/17,446
22/07/17,574
23/07/17,421
24/07/17,0
25/07/17,367
26/07/17,386
27/07/17,598
28/07/17,519
29/07/17,483
30/07/17,489
31/07/17,0
1/08/17,378
2/08/17,430
3/08/17,668
4/08/17,648
5/08/17,512
6/08/17,2846
7/08/17,0
8/08/17,400
9/08/17,416
10/08/17,567
11/08/17,523
12/08/17,561
13/08/17,404
14/08/17,0
15/08/17,385
16/08/17,425
17/08/17,704
18/08/17,574
19/08/17,354
20/08/17,397
21/08/17,0
22/08/17,328
23/08/17,292
24/08/17,466
25/08/17,586
26/08/17,277
27/08/17,345
28/08/17,0
29/08/17,321
30/08/17,270
31/08/17,317
1/09/17,478
2/09/17,729
3/09/17,3030
4/09/17,0
5/09/17,251
6/09/17,242
7/09/17,346
8/09/17,545
9/09/17,361
10/09/17,333
11/09/17,0
12/09/17,215
13/09/17,238
14/09/17,388
15/09/17,445
16/09/17,375
17/09/17,480
18/09/17,0
19/09/17,253
20/09/17,327
21/09/17,820
22/09/17,581
23/09/17,492
24/09/17,510
25/09/17,0
26/09/17,231
27/09/17,333
28/09/17,585
29/09/17,693
30/09/17,563
1/10/17,2422
2/10/17,0
3/10/17,163
4/10/17,155
5/10/17,186
6/10/17,314
7/10/17,279
8/10/17,271
9/10/17,0
10/10/17,177
11/10/17,184
12/10/17,154
13/10/17,322
14/10/17,875
15/10/17,353
16/10/17,0
17/10/17,178
18/10/17,146
19/10/17,204
20/10/17,413
21/10/17,397
22/10/17,331
23/10/17,0
24/10/17,141
25/10/17,192
26/10/17,252
27/10/17,280
28/10/17,315
29/10/17,482
30/10/17,0
31/10/17,105
1/11/17,128
2/11/17,245
3/11/17,355
4/11/17,626
5/11/17,2271
6/11/17,0
7/11/17,188
8/11/17,285
9/11/17,210
10/11/17,656
11/11/17,488
12/11/17,564
13/11/17,0
14/11/17,246
15/11/17,251
16/11/17,234
17/11/17,399
18/11/17,413
19/11/17,594
20/11/17,0
21/11/17,364
22/11/17,430
23/11/17,0
24/11/17,570
25/11/17,532
26/11/17,539
27/11/17,0
28/11/17,200
29/11/17,482
30/11/17,186
1/12/17,274
2/12/17,422
3/12/17,1808
4/12/17,0
5/12/17,216
6/12/17,237
7/12/17,212
8/12/17,231
9/12/17,442
10/12/17,576
11/12/17,0
12/12/17,178
13/12/17,245
14/12/17,204
15/12/17,205
16/12/17,267
17/12/17,279
18/12/17,0
19/12/17,293
20/12/17,305
21/12/17,249
22/12/17,383
23/12/17,383
24/12/17,372
25/12/17,0
26/12/17,527
27/12/17,633
28/12/17,642
29/12/17,661
30/12/17,597
31/12/17,1341
1/01/18,0
2/01/18,349
3/01/18,426
4/01/18,325
5/01/18,309
6/01/18,612
7/01/18,2978
8/01/18,0
9/01/18,239
10/01/18,260
11/01/18,311
12/01/18,303
13/01/18,569
14/01/18,716
15/01/18,0
16/01/18,209
17/01/18,292
18/01/18,283
19/01/18,411
20/01/18,1362
21/01/18,644
22/01/18,0
23/01/18,276
24/01/18,299
25/01/18,361
26/01/18,383
27/01/18,799
28/01/18,740
29/01/18,0
30/01/18,310
31/01/18,352
1/02/18,425
2/02/18,477
3/02/18,923
4/02/18,4421
5/02/18,0
6/02/18,160
7/02/18,192
8/02/18,377
9/02/18,230
10/02/18,282
11/02/18,337
12/02/18,0
13/02/18,175
14/02/18,134
15/02/18,205
16/02/18,253
17/02/18,427
18/02/18,2184
19/02/18,0
20/02/18,231
21/02/18,223
22/02/18,244
23/02/18,323
24/02/18,427
25/02/18,354
26/02/18,0
27/02/18,146
28/02/18,197
1/03/18,152
2/03/18,236
3/03/18,458
4/03/18,2316
5/03/18,0
6/03/18,207
7/03/18,169
8/03/18,593
9/03/18,329
10/03/18,674
11/03/18,524
12/03/18,0
13/03/18,327
14/03/18,311
15/03/18,386
16/03/18,350
17/03/18,482
18/03/18,586
19/03/18,0
20/03/18,302
21/03/18,337
22/03/18,460
23/03/18,272
24/03/18,674
25/03/18,533
26/03/18,0
27/03/18,419
28/03/18,339
29/03/18,716
30/03/18,894
31/03/18,869
1/04/18,1997
2/04/18,0
3/04/18,350
4/04/18,330
5/04/18,646
6/04/18,594
7/04/18,511
8/04/18,450
9/04/18,0
10/04/18,225
11/04/18,326
12/04/18,461
13/04/18,301
14/04/18,418
15/04/18,460
16/04/18,40
17/04/18,258
18/04/18,246
19/04/18,425
20/04/18,338
21/04/18,449
22/04/18,426
23/04/18,0
24/04/18,212
25/04/18,212
26/04/18,576
27/04/18,316
28/04/18,433
29/04/18,404
30/04/18,0
1/05/18,263
2/05/18,298
3/05/18,640
4/05/18,225
5/05/18,654
6/05/18,2953
7/05/18,0
8/05/18,252
9/05/18,269
10/05/18,279
11/05/18,253
12/05/18,416
13/05/18,506
14/05/18,0
15/05/18,211
16/05/18,287
17/05/18,610
18/05/18,329
19/05/18,469
20/05/18,401
21/05/18,0
22/05/18,253
23/05/18,293
24/05/18,547
25/05/18,334
26/05/18,519
27/05/18,585
28/05/18,0
29/05/18,246
30/05/18,233
31/05/18,523
1/06/18,214
2/06/18,375
3/06/18,1714
4/06/18,0
5/06/18,262
6/06/18,242
7/06/18,304
8/06/18,272
9/06/18,465
10/06/18,435
11/06/18,0
12/06/18,310
13/06/18,329
14/06/18,567
15/06/18,332
16/06/18,632
17/06/18,461
18/06/18,26
19/06/18,319
20/06/18,388
21/06/18,633
22/06/18,365
23/06/18,282
24/06/18,209
25/06/18,0
26/06/18,289
27/06/18,488
28/06/18,436
29/06/18,310
30/06/18,630